2026-07-09T16:40:23.517147Z  INFO herdr::platform::macos: raised server file descriptor soft limit previous=256 target=8192
2026-07-09T16:40:23.517647Z  INFO herdr::api::server: api server listening path=/Users/himujjalupadhyaya/.config/herdr/herdr.sock
2026-07-09T16:40:23.518611Z  INFO herdr::app: using pane scrollback configuration pane_scrollback_limit_bytes=10000000
2026-07-09T16:40:23.537980Z  INFO herdr::logging: checking for updates event="update.check.start" subsystem="update" outcome="started"
2026-07-09T16:40:23.543934Z  INFO herdr::logging: spawning pane terminal event="pane.spawn.start" subsystem="pane" outcome="started" pane_id=1 rows=24 cols=80 scrollback_limit_bytes=10000000
2026-07-09T16:40:23.546428Z  INFO herdr::logging: pane child spawned event="pane.spawned" subsystem="pane" outcome="ok" pane_id=1 pid=78967
2026-07-09T16:40:23.546805Z  INFO herdr::logging: workspace created event="workspace.create" subsystem="workspace" outcome="ok" workspace_id="w1" pane_id=1
2026-07-09T16:40:23.546829Z  INFO herdr::logging: workspace focused event="workspace.focus" subsystem="workspace" outcome="ok" workspace_id="w1"
2026-07-09T16:40:23.546879Z  INFO herdr::logging: tab focused event="tab.focus" subsystem="tab" outcome="ok" workspace_id="w1" tab_id="w1:t1"
2026-07-09T16:40:23.546885Z  INFO herdr::server::headless: created startup workspace cwd=/Users/himujjalupadhyaya/staffinity-ai/astro-decap-cms-template
2026-07-09T16:40:23.546999Z  INFO herdr::server::headless: client protocol socket listening path=/Users/himujjalupadhyaya/.config/herdr/herdr-client.sock
2026-07-09T16:40:23.547026Z  INFO herdr::server::headless: herdr server started api_socket=/Users/himujjalupadhyaya/.config/herdr/herdr.sock client_socket=/Users/himujjalupadhyaya/.config/herdr/herdr-client.sock
2026-07-09T16:40:23.547071Z  INFO herdr::logging: herdr starting event="app.startup" subsystem="server" outcome="started" pid=78874
2026-07-09T16:40:23.689675Z  INFO herdr::server::headless: client connected client_id=2 cols=375 rows=90 cell_width_px=0 cell_height_px=0 render_encoding=SemanticFrame
2026-07-09T16:40:28.555161Z  INFO herdr::logging: session saved event="persist.save" subsystem="persist" outcome="ok" path=/Users/himujjalupadhyaya/.config/herdr/session.json workspaces=1
2026-07-09T17:10:23.545797Z  INFO herdr::logging: checking for updates event="update.check.start" subsystem="update" outcome="started"
2026-07-09T17:40:23.549785Z  INFO herdr::logging: checking for updates event="update.check.start" subsystem="update" outcome="started"
2026-07-09T18:10:23.558707Z  INFO herdr::logging: checking for updates event="update.check.start" subsystem="update" outcome="started"
2026-07-09T18:11:43.188601Z  INFO herdr::server::headless: client resize client_id=2 cols=375 rows=88 cell_width_px=0 cell_height_px=0
2026-07-09T18:24:57.839565Z  INFO herdr::server::headless: client resize client_id=2 cols=479 rows=114 cell_width_px=0 cell_height_px=0
2026-07-09T18:40:23.561936Z  INFO herdr::logging: checking for updates event="update.check.start" subsystem="update" outcome="started"
2026-07-09T19:10:23.568549Z  INFO herdr::logging: checking for updates event="update.check.start" subsystem="update" outcome="started"
2026-07-09T19:40:23.576615Z  INFO herdr::logging: checking for updates event="update.check.start" subsystem="update" outcome="started"
2026-07-09T20:10:23.582925Z  INFO herdr::logging: checking for updates event="update.check.start" subsystem="update" outcome="started"
2026-07-09T20:40:23.586801Z  INFO herdr::logging: checking for updates event="update.check.start" subsystem="update" outcome="started"
2026-07-09T21:10:23.587267Z  INFO herdr::logging: checking for updates event="update.check.start" subsystem="update" outcome="started"
2026-07-09T21:40:23.591432Z  INFO herdr::logging: checking for updates event="update.check.start" subsystem="update" outcome="started"
2026-07-09T21:45:41.764911Z  INFO herdr::server::headless: client resize client_id=2 cols=239 rows=54 cell_width_px=0 cell_height_px=0
2026-07-09T21:45:54.496345Z  INFO herdr::server::headless: client resize client_id=2 cols=224 rows=55 cell_width_px=0 cell_height_px=0
2026-07-09T21:46:45.584683Z  INFO herdr::server::headless: client resize client_id=2 cols=224 rows=60 cell_width_px=0 cell_height_px=0
2026-07-09T21:50:08.490410Z  INFO herdr::server::headless: client resize client_id=2 cols=375 rows=90 cell_width_px=0 cell_height_px=0
2026-07-09T22:10:29.037238Z  INFO herdr::logging: checking for updates event="update.check.start" subsystem="update" outcome="started"
2026-07-09T22:40:29.044677Z  INFO herdr::logging: checking for updates event="update.check.start" subsystem="update" outcome="started"
2026-07-09T23:10:29.046572Z  INFO herdr::logging: checking for updates event="update.check.start" subsystem="update" outcome="started"
2026-07-09T23:40:29.048929Z  INFO herdr::logging: checking for updates event="update.check.start" subsystem="update" outcome="started"
2026-07-10T00:10:29.056641Z  INFO herdr::logging: checking for updates event="update.check.start" subsystem="update" outcome="started"
2026-07-10T00:40:29.069159Z  INFO herdr::logging: checking for updates event="update.check.start" subsystem="update" outcome="started"
2026-07-10T01:10:29.078956Z  INFO herdr::logging: checking for updates event="update.check.start" subsystem="update" outcome="started"
2026-07-10T01:40:29.089358Z  INFO herdr::logging: checking for updates event="update.check.start" subsystem="update" outcome="started"
2026-07-10T02:10:29.092663Z  INFO herdr::logging: checking for updates event="update.check.start" subsystem="update" outcome="started"
2026-07-10T02:40:29.101358Z  INFO herdr::logging: checking for updates event="update.check.start" subsystem="update" outcome="started"
2026-07-10T03:10:29.104886Z  INFO herdr::logging: checking for updates event="update.check.start" subsystem="update" outcome="started"
2026-07-10T03:40:29.111436Z  INFO herdr::logging: checking for updates event="update.check.start" subsystem="update" outcome="started"
2026-07-10T04:10:29.121125Z  INFO herdr::logging: checking for updates event="update.check.start" subsystem="update" outcome="started"
2026-07-10T04:40:29.130765Z  INFO herdr::logging: checking for updates event="update.check.start" subsystem="update" outcome="started"
2026-07-10T05:10:29.136819Z  INFO herdr::logging: checking for updates event="update.check.start" subsystem="update" outcome="started"
2026-07-10T05:40:29.141432Z  INFO herdr::logging: checking for updates event="update.check.start" subsystem="update" outcome="started"
2026-07-10T06:10:29.146260Z  INFO herdr::logging: checking for updates event="update.check.start" subsystem="update" outcome="started"
2026-07-10T06:40:29.154148Z  INFO herdr::logging: checking for updates event="update.check.start" subsystem="update" outcome="started"
2026-07-10T07:10:29.157921Z  INFO herdr::logging: checking for updates event="update.check.start" subsystem="update" outcome="started"
2026-07-10T07:36:52.268468Z  INFO herdr::logging: spawning pane terminal event="pane.spawn.start" subsystem="pane" outcome="started" pane_id=2 rows=89 cols=349 scrollback_limit_bytes=10000000
2026-07-10T07:36:52.275501Z  INFO herdr::logging: pane child spawned event="pane.spawned" subsystem="pane" outcome="ok" pane_id=2 pid=3648
2026-07-10T07:36:52.276723Z  INFO herdr::logging: workspace created event="workspace.create" subsystem="workspace" outcome="ok" workspace_id="w2" pane_id=2
2026-07-10T07:36:52.276891Z  INFO herdr::logging: workspace focused event="workspace.focus" subsystem="workspace" outcome="ok" workspace_id="w2"
2026-07-10T07:36:52.276912Z  INFO herdr::logging: tab focused event="tab.focus" subsystem="tab" outcome="ok" workspace_id="w2" tab_id="w2:t1"
2026-07-10T07:36:54.209944Z  INFO herdr::logging: workspace focused event="workspace.focus" subsystem="workspace" outcome="ok" workspace_id="w1"
2026-07-10T07:36:54.210002Z  INFO herdr::logging: tab focused event="tab.focus" subsystem="tab" outcome="ok" workspace_id="w1" tab_id="w1:t1"
2026-07-10T07:36:54.639909Z  INFO herdr::logging: workspace focused event="workspace.focus" subsystem="workspace" outcome="ok" workspace_id="w2"
2026-07-10T07:36:54.640001Z  INFO herdr::logging: tab focused event="tab.focus" subsystem="tab" outcome="ok" workspace_id="w2" tab_id="w2:t1"
2026-07-10T07:36:59.311590Z  INFO herdr::logging: pane child exited event="pane.exit" subsystem="pane" outcome="completed" pane_id=2 status="ExitStatus { code: 0, signal: None }"
2026-07-10T07:36:59.311741Z  INFO herdr::pane: pane session terminated pane=2 pid=3648 signal=Hangup
2026-07-10T07:37:00.275347Z  INFO herdr::logging: pane child exited event="pane.exit" subsystem="pane" outcome="completed" pane_id=1 status="ExitStatus { code: 0, signal: None }"
2026-07-10T07:37:00.275497Z  INFO herdr::pane: pane session terminated pane=1 pid=78967 signal=Hangup
2026-07-10T07:37:00.275902Z  INFO herdr::logging: spawning pane terminal event="pane.spawn.start" subsystem="pane" outcome="started" pane_id=3 rows=89 cols=349 scrollback_limit_bytes=10000000
2026-07-10T07:37:00.280281Z  INFO herdr::logging: pane child spawned event="pane.spawned" subsystem="pane" outcome="ok" pane_id=3 pid=3721
2026-07-10T07:37:00.280482Z  INFO herdr::logging: workspace created event="workspace.create" subsystem="workspace" outcome="ok" workspace_id="w3" pane_id=3
2026-07-10T07:37:00.280491Z  INFO herdr::logging: workspace focused event="workspace.focus" subsystem="workspace" outcome="ok" workspace_id="w3"
2026-07-10T07:37:00.280505Z  INFO herdr::logging: tab focused event="tab.focus" subsystem="tab" outcome="ok" workspace_id="w3" tab_id="w3:t1"
2026-07-10T07:37:01.019462Z  INFO herdr::logging: pane child exited event="pane.exit" subsystem="pane" outcome="completed" pane_id=3 status="ExitStatus { code: 0, signal: None }"
2026-07-10T07:37:01.019501Z  INFO herdr::pane: pane session terminated pane=3 pid=3721 signal=Hangup
2026-07-10T07:37:01.019682Z  INFO herdr::logging: spawning pane terminal event="pane.spawn.start" subsystem="pane" outcome="started" pane_id=4 rows=89 cols=349 scrollback_limit_bytes=10000000
2026-07-10T07:37:01.022086Z  INFO herdr::logging: pane child spawned event="pane.spawned" subsystem="pane" outcome="ok" pane_id=4 pid=3774
2026-07-10T07:37:01.022418Z  INFO herdr::logging: workspace created event="workspace.create" subsystem="workspace" outcome="ok" workspace_id="w4" pane_id=4
2026-07-10T07:37:01.022438Z  INFO herdr::logging: workspace focused event="workspace.focus" subsystem="workspace" outcome="ok" workspace_id="w4"
2026-07-10T07:37:01.022454Z  INFO herdr::logging: tab focused event="tab.focus" subsystem="tab" outcome="ok" workspace_id="w4" tab_id="w4:t1"
2026-07-10T07:37:01.679510Z  INFO herdr::logging: pane child exited event="pane.exit" subsystem="pane" outcome="completed" pane_id=4 status="ExitStatus { code: 0, signal: None }"
2026-07-10T07:37:01.679553Z  INFO herdr::pane: pane session terminated pane=4 pid=3774 signal=Hangup
2026-07-10T07:37:01.679743Z  INFO herdr::logging: spawning pane terminal event="pane.spawn.start" subsystem="pane" outcome="started" pane_id=5 rows=89 cols=349 scrollback_limit_bytes=10000000
2026-07-10T07:37:01.681456Z  INFO herdr::logging: pane child spawned event="pane.spawned" subsystem="pane" outcome="ok" pane_id=5 pid=3827
2026-07-10T07:37:01.681534Z  INFO herdr::logging: workspace created event="workspace.create" subsystem="workspace" outcome="ok" workspace_id="w5" pane_id=5
2026-07-10T07:37:01.681538Z  INFO herdr::logging: workspace focused event="workspace.focus" subsystem="workspace" outcome="ok" workspace_id="w5"
2026-07-10T07:37:01.681543Z  INFO herdr::logging: tab focused event="tab.focus" subsystem="tab" outcome="ok" workspace_id="w5" tab_id="w5:t1"
2026-07-10T07:37:02.915812Z  INFO herdr::logging: pane child exited event="pane.exit" subsystem="pane" outcome="completed" pane_id=5 status="ExitStatus { code: 0, signal: None }"
2026-07-10T07:37:02.915861Z  INFO herdr::pane: pane session terminated pane=5 pid=3827 signal=Hangup
2026-07-10T07:37:02.916042Z  INFO herdr::logging: spawning pane terminal event="pane.spawn.start" subsystem="pane" outcome="started" pane_id=6 rows=89 cols=349 scrollback_limit_bytes=10000000
2026-07-10T07:37:02.918642Z  INFO herdr::logging: pane child spawned event="pane.spawned" subsystem="pane" outcome="ok" pane_id=6 pid=3882
2026-07-10T07:37:02.918993Z  INFO herdr::logging: workspace created event="workspace.create" subsystem="workspace" outcome="ok" workspace_id="w6" pane_id=6
2026-07-10T07:37:02.919016Z  INFO herdr::logging: workspace focused event="workspace.focus" subsystem="workspace" outcome="ok" workspace_id="w6"
2026-07-10T07:37:02.919033Z  INFO herdr::logging: tab focused event="tab.focus" subsystem="tab" outcome="ok" workspace_id="w6" tab_id="w6:t1"
2026-07-10T07:37:07.936607Z  INFO herdr::logging: session saved event="persist.save" subsystem="persist" outcome="ok" path=/Users/himujjalupadhyaya/.config/herdr/session.json workspaces=1
2026-07-10T07:37:14.178308Z  INFO herdr::logging: workspace closed event="workspace.close" subsystem="workspace" outcome="ok" workspace_id="w6"
2026-07-10T07:37:14.179011Z  INFO herdr::logging: pane child exited event="pane.exit" subsystem="pane" outcome="completed" pane_id=6 status="ExitStatus { code: 1, signal: None }"
2026-07-10T07:37:14.203603Z  INFO herdr::pane: pane session terminated pane=6 pid=3882 signal=Hangup
2026-07-10T07:37:14.205029Z  WARN herdr::app::actions: PaneDied for unknown pane pane=6
2026-07-10T07:37:14.205190Z  INFO herdr::logging: spawning pane terminal event="pane.spawn.start" subsystem="pane" outcome="started" pane_id=7 rows=89 cols=349 scrollback_limit_bytes=10000000
2026-07-10T07:37:14.209606Z  INFO herdr::logging: pane child spawned event="pane.spawned" subsystem="pane" outcome="ok" pane_id=7 pid=3935
2026-07-10T07:37:14.209823Z  INFO herdr::logging: workspace created event="workspace.create" subsystem="workspace" outcome="ok" workspace_id="w7" pane_id=7
2026-07-10T07:37:14.209837Z  INFO herdr::logging: workspace focused event="workspace.focus" subsystem="workspace" outcome="ok" workspace_id="w7"
2026-07-10T07:37:14.209853Z  INFO herdr::logging: tab focused event="tab.focus" subsystem="tab" outcome="ok" workspace_id="w7" tab_id="w7:t1"
2026-07-10T07:37:17.005347Z  INFO herdr::logging: tab focused event="tab.focus" subsystem="tab" outcome="ok" workspace_id="w7" tab_id="w7:t1"
2026-07-10T07:37:22.011235Z  INFO herdr::logging: session saved event="persist.save" subsystem="persist" outcome="ok" path=/Users/himujjalupadhyaya/.config/herdr/session.json workspaces=1
2026-07-10T07:37:27.869888Z  INFO herdr::server::headless: client resize client_id=2 cols=375 rows=92 cell_width_px=0 cell_height_px=0
2026-07-10T07:37:32.825580Z  INFO herdr::server::headless: client disconnected client_id=2
2026-07-10T07:40:29.160429Z  INFO herdr::logging: checking for updates event="update.check.start" subsystem="update" outcome="started"
2026-07-10T08:10:29.163462Z  INFO herdr::logging: checking for updates event="update.check.start" subsystem="update" outcome="started"
2026-07-10T08:40:29.160525Z  INFO herdr::logging: checking for updates event="update.check.start" subsystem="update" outcome="started"
2026-07-10T09:10:29.164835Z  INFO herdr::logging: checking for updates event="update.check.start" subsystem="update" outcome="started"
2026-07-10T09:40:29.169413Z  INFO herdr::logging: checking for updates event="update.check.start" subsystem="update" outcome="started"
2026-07-10T10:10:29.172535Z  INFO herdr::logging: checking for updates event="update.check.start" subsystem="update" outcome="started"
2026-07-10T10:40:29.169785Z  INFO herdr::logging: checking for updates event="update.check.start" subsystem="update" outcome="started"
2026-07-10T11:10:29.166080Z  INFO herdr::logging: checking for updates event="update.check.start" subsystem="update" outcome="started"
2026-07-10T11:40:29.169842Z  INFO herdr::logging: checking for updates event="update.check.start" subsystem="update" outcome="started"
2026-07-10T12:10:29.173524Z  INFO herdr::logging: checking for updates event="update.check.start" subsystem="update" outcome="started"
2026-07-10T12:40:29.179579Z  INFO herdr::logging: checking for updates event="update.check.start" subsystem="update" outcome="started"
2026-07-10T13:10:29.192599Z  INFO herdr::logging: checking for updates event="update.check.start" subsystem="update" outcome="started"
2026-07-10T13:40:29.201813Z  INFO herdr::logging: checking for updates event="update.check.start" subsystem="update" outcome="started"
2026-07-10T14:10:29.197960Z  INFO herdr::logging: checking for updates event="update.check.start" subsystem="update" outcome="started"
2026-07-10T14:40:29.206144Z  INFO herdr::logging: checking for updates event="update.check.start" subsystem="update" outcome="started"
2026-07-10T15:10:29.211930Z  INFO herdr::logging: checking for updates event="update.check.start" subsystem="update" outcome="started"
2026-07-10T15:40:29.218512Z  INFO herdr::logging: checking for updates event="update.check.start" subsystem="update" outcome="started"
2026-07-10T16:10:29.224693Z  INFO herdr::logging: checking for updates event="update.check.start" subsystem="update" outcome="started"
2026-07-10T16:40:29.227735Z  INFO herdr::logging: checking for updates event="update.check.start" subsystem="update" outcome="started"
2026-07-10T17:10:29.229676Z  INFO herdr::logging: checking for updates event="update.check.start" subsystem="update" outcome="started"
2026-07-10T17:40:29.228099Z  INFO herdr::logging: checking for updates event="update.check.start" subsystem="update" outcome="started"
2026-07-10T18:10:29.230811Z  INFO herdr::logging: checking for updates event="update.check.start" subsystem="update" outcome="started"
2026-07-10T18:40:29.226358Z  INFO herdr::logging: checking for updates event="update.check.start" subsystem="update" outcome="started"
2026-07-10T19:10:29.224380Z  INFO herdr::logging: checking for updates event="update.check.start" subsystem="update" outcome="started"
2026-07-10T19:40:29.227152Z  INFO herdr::logging: checking for updates event="update.check.start" subsystem="update" outcome="started"
2026-07-10T20:10:29.234074Z  INFO herdr::logging: checking for updates event="update.check.start" subsystem="update" outcome="started"
2026-07-10T20:40:29.237937Z  INFO herdr::logging: checking for updates event="update.check.start" subsystem="update" outcome="started"
2026-07-10T21:10:29.246304Z  INFO herdr::logging: checking for updates event="update.check.start" subsystem="update" outcome="started"
2026-07-10T23:56:11.817546Z  INFO herdr::logging: checking for updates event="update.check.start" subsystem="update" outcome="started"
2026-07-10T23:56:12.223990Z  WARN herdr::detect::manifest_update: skipping unknown remote manifest agent agent="maki"
2026-07-11T00:26:11.818728Z  INFO herdr::logging: checking for updates event="update.check.start" subsystem="update" outcome="started"
2026-07-11T00:26:12.180247Z  WARN herdr::detect::manifest_update: skipping unknown remote manifest agent agent="maki"
2026-07-11T06:02:03.045410Z  INFO herdr::logging: checking for updates event="update.check.start" subsystem="update" outcome="started"
2026-07-11T06:02:05.389034Z  WARN herdr::detect::manifest_update: skipping unknown remote manifest agent agent="maki"
2026-07-11T06:04:11.877486Z  WARN herdr::detect::manifest_update: agent detection manifest update failed for agent agent="pi" error=fetch failed: failed to fetch https://herdr.dev/agent-detection/pi.toml
2026-07-11T06:35:12.693460Z  INFO herdr::logging: checking for updates event="update.check.start" subsystem="update" outcome="started"
2026-07-11T06:35:14.295408Z  WARN herdr::detect::manifest_update: skipping unknown remote manifest agent agent="maki"
2026-07-11T07:42:15.784934Z  INFO herdr::logging: checking for updates event="update.check.start" subsystem="update" outcome="started"
2026-07-11T07:42:16.374136Z  WARN herdr::detect::manifest_update: skipping unknown remote manifest agent agent="maki"
2026-07-11T07:58:33.006490Z  WARN herdr::detect::manifest_update: agent detection manifest update failed for agent agent="cursor" error=fetch failed: failed to fetch https://herdr.dev/agent-detection/cursor.toml
2026-07-11T08:27:55.180212Z  INFO herdr::logging: checking for updates event="update.check.start" subsystem="update" outcome="started"
2026-07-11T08:27:55.909150Z  WARN herdr::detect::manifest_update: skipping unknown remote manifest agent agent="maki"
2026-07-11T08:57:55.186939Z  INFO herdr::logging: checking for updates event="update.check.start" subsystem="update" outcome="started"
2026-07-11T08:57:55.676103Z  WARN herdr::detect::manifest_update: skipping unknown remote manifest agent agent="maki"
2026-07-11T09:27:55.186816Z  INFO herdr::logging: checking for updates event="update.check.start" subsystem="update" outcome="started"
2026-07-11T09:27:55.684823Z  WARN herdr::detect::manifest_update: skipping unknown remote manifest agent agent="maki"
2026-07-11T09:57:55.192551Z  INFO herdr::logging: checking for updates event="update.check.start" subsystem="update" outcome="started"
2026-07-11T09:57:55.597289Z  WARN herdr::detect::manifest_update: skipping unknown remote manifest agent agent="maki"
2026-07-11T10:27:55.207004Z  INFO herdr::logging: checking for updates event="update.check.start" subsystem="update" outcome="started"
2026-07-11T10:27:56.202157Z  WARN herdr::detect::manifest_update: skipping unknown remote manifest agent agent="maki"
2026-07-11T10:57:55.206649Z  INFO herdr::logging: checking for updates event="update.check.start" subsystem="update" outcome="started"
2026-07-11T10:57:55.674089Z  WARN herdr::detect::manifest_update: skipping unknown remote manifest agent agent="maki"
2026-07-11T13:43:08.159088Z  INFO herdr::logging: checking for updates event="update.check.start" subsystem="update" outcome="started"
2026-07-11T13:43:09.135907Z  WARN herdr::detect::manifest_update: skipping unknown remote manifest agent agent="maki"
2026-07-11T14:13:08.158570Z  INFO herdr::logging: checking for updates event="update.check.start" subsystem="update" outcome="started"
2026-07-11T14:13:08.718504Z  WARN herdr::detect::manifest_update: skipping unknown remote manifest agent agent="maki"
2026-07-11T14:43:08.151309Z  INFO herdr::logging: checking for updates event="update.check.start" subsystem="update" outcome="started"
2026-07-11T14:43:09.533997Z  WARN herdr::detect::manifest_update: skipping unknown remote manifest agent agent="maki"
2026-07-11T15:13:08.156847Z  INFO herdr::logging: checking for updates event="update.check.start" subsystem="update" outcome="started"
2026-07-11T15:13:09.191923Z  WARN herdr::detect::manifest_update: skipping unknown remote manifest agent agent="maki"
2026-07-11T15:43:08.158607Z  INFO herdr::logging: checking for updates event="update.check.start" subsystem="update" outcome="started"
2026-07-11T15:43:09.161079Z  WARN herdr::detect::manifest_update: skipping unknown remote manifest agent agent="maki"
2026-07-11T16:13:08.158615Z  INFO herdr::logging: checking for updates event="update.check.start" subsystem="update" outcome="started"
2026-07-11T16:13:09.671406Z  WARN herdr::detect::manifest_update: skipping unknown remote manifest agent agent="maki"
2026-07-11T16:43:08.173748Z  INFO herdr::logging: checking for updates event="update.check.start" subsystem="update" outcome="started"
2026-07-11T16:43:24.539184Z  WARN herdr::detect::manifest_update: skipping unknown remote manifest agent agent="maki"
2026-07-11T17:28:32.771725Z  INFO herdr::logging: checking for updates event="update.check.start" subsystem="update" outcome="started"
2026-07-11T17:28:34.526432Z  WARN herdr::detect::manifest_update: skipping unknown remote manifest agent agent="maki"
2026-07-11T17:58:32.777088Z  INFO herdr::logging: checking for updates event="update.check.start" subsystem="update" outcome="started"
2026-07-11T17:58:35.261555Z  WARN herdr::detect::manifest_update: skipping unknown remote manifest agent agent="maki"
2026-07-11T18:28:32.778163Z  INFO herdr::logging: checking for updates event="update.check.start" subsystem="update" outcome="started"
2026-07-11T18:28:34.053549Z  WARN herdr::detect::manifest_update: skipping unknown remote manifest agent agent="maki"
2026-07-11T18:58:32.780260Z  INFO herdr::logging: checking for updates event="update.check.start" subsystem="update" outcome="started"
2026-07-11T18:58:33.765677Z  WARN herdr::detect::manifest_update: skipping unknown remote manifest agent agent="maki"
2026-07-11T19:28:32.778481Z  INFO herdr::logging: checking for updates event="update.check.start" subsystem="update" outcome="started"
2026-07-11T19:28:33.154168Z  WARN herdr::detect::manifest_update: skipping unknown remote manifest agent agent="maki"
2026-07-11T19:58:32.783578Z  INFO herdr::logging: checking for updates event="update.check.start" subsystem="update" outcome="started"
2026-07-11T19:58:33.156852Z  WARN herdr::detect::manifest_update: skipping unknown remote manifest agent agent="maki"
2026-07-11T21:10:31.248419Z  INFO herdr::logging: checking for updates event="update.check.start" subsystem="update" outcome="started"
2026-07-11T21:10:32.651944Z  WARN herdr::detect::manifest_update: skipping unknown remote manifest agent agent="maki"
2026-07-11T21:40:31.245865Z  INFO herdr::logging: checking for updates event="update.check.start" subsystem="update" outcome="started"
2026-07-11T21:40:33.724002Z  WARN herdr::detect::manifest_update: skipping unknown remote manifest agent agent="maki"
2026-07-11T22:10:31.237720Z  INFO herdr::logging: checking for updates event="update.check.start" subsystem="update" outcome="started"
2026-07-11T22:10:32.528410Z  WARN herdr::detect::manifest_update: skipping unknown remote manifest agent agent="maki"
2026-07-11T22:40:31.240179Z  INFO herdr::logging: checking for updates event="update.check.start" subsystem="update" outcome="started"
2026-07-11T22:40:32.309841Z  WARN herdr::detect::manifest_update: skipping unknown remote manifest agent agent="maki"
2026-07-11T23:10:31.243840Z  INFO herdr::logging: checking for updates event="update.check.start" subsystem="update" outcome="started"
2026-07-11T23:10:33.636236Z  WARN herdr::detect::manifest_update: skipping unknown remote manifest agent agent="maki"
2026-07-11T23:40:31.247095Z  INFO herdr::logging: checking for updates event="update.check.start" subsystem="update" outcome="started"
2026-07-11T23:40:33.972817Z  WARN herdr::detect::manifest_update: skipping unknown remote manifest agent agent="maki"
2026-07-12T00:15:23.141368Z  INFO herdr::logging: checking for updates event="update.check.start" subsystem="update" outcome="started"
2026-07-12T00:15:24.412071Z  WARN herdr::detect::manifest_update: skipping unknown remote manifest agent agent="maki"
2026-07-12T00:45:23.148590Z  INFO herdr::logging: checking for updates event="update.check.start" subsystem="update" outcome="started"
2026-07-12T00:45:23.623347Z  WARN herdr::detect::manifest_update: skipping unknown remote manifest agent agent="maki"
2026-07-12T02:32:44.564743Z  INFO herdr::logging: checking for updates event="update.check.start" subsystem="update" outcome="started"
2026-07-12T02:32:46.246123Z  WARN herdr::detect::manifest_update: skipping unknown remote manifest agent agent="maki"
2026-07-12T02:34:03.980121Z  WARN herdr::detect::manifest_update: agent detection manifest update failed for agent agent="codex" error=fetch failed: failed to fetch https://herdr.dev/agent-detection/codex.toml
2026-07-12T07:50:13.639792Z  INFO herdr::logging: checking for updates event="update.check.start" subsystem="update" outcome="started"
2026-07-12T07:50:15.134815Z  WARN herdr::detect::manifest_update: skipping unknown remote manifest agent agent="maki"
2026-07-12T08:20:13.639550Z  INFO herdr::logging: checking for updates event="update.check.start" subsystem="update" outcome="started"
2026-07-12T08:20:14.216996Z  WARN herdr::detect::manifest_update: skipping unknown remote manifest agent agent="maki"
2026-07-12T08:50:13.648606Z  INFO herdr::logging: checking for updates event="update.check.start" subsystem="update" outcome="started"
2026-07-12T08:50:15.350499Z  WARN herdr::detect::manifest_update: skipping unknown remote manifest agent agent="maki"
2026-07-12T09:20:13.655363Z  INFO herdr::logging: checking for updates event="update.check.start" subsystem="update" outcome="started"
2026-07-12T09:20:15.149134Z  WARN herdr::detect::manifest_update: skipping unknown remote manifest agent agent="maki"
2026-07-12T09:50:13.653381Z  INFO herdr::logging: checking for updates event="update.check.start" subsystem="update" outcome="started"
2026-07-12T09:50:16.278844Z  WARN herdr::detect::manifest_update: skipping unknown remote manifest agent agent="maki"
2026-07-12T10:20:13.663086Z  INFO herdr::logging: checking for updates event="update.check.start" subsystem="update" outcome="started"
2026-07-12T10:20:16.088775Z  WARN herdr::detect::manifest_update: skipping unknown remote manifest agent agent="maki"
2026-07-12T10:50:13.669278Z  INFO herdr::logging: checking for updates event="update.check.start" subsystem="update" outcome="started"
2026-07-12T10:50:15.303838Z  WARN herdr::detect::manifest_update: skipping unknown remote manifest agent agent="maki"
2026-07-12T11:20:13.674681Z  INFO herdr::logging: checking for updates event="update.check.start" subsystem="update" outcome="started"
2026-07-12T11:20:14.158076Z  WARN herdr::detect::manifest_update: skipping unknown remote manifest agent agent="maki"
2026-07-12T11:50:13.680844Z  INFO herdr::logging: checking for updates event="update.check.start" subsystem="update" outcome="started"
2026-07-12T11:50:14.055345Z  WARN herdr::detect::manifest_update: skipping unknown remote manifest agent agent="maki"
2026-07-12T12:20:13.683218Z  INFO herdr::logging: checking for updates event="update.check.start" subsystem="update" outcome="started"
2026-07-12T12:20:14.080254Z  WARN herdr::detect::manifest_update: skipping unknown remote manifest agent agent="maki"
2026-07-12T12:50:13.698574Z  INFO herdr::logging: checking for updates event="update.check.start" subsystem="update" outcome="started"
2026-07-12T12:50:14.081377Z  WARN herdr::detect::manifest_update: skipping unknown remote manifest agent agent="maki"
2026-07-12T13:20:13.707720Z  INFO herdr::logging: checking for updates event="update.check.start" subsystem="update" outcome="started"
2026-07-12T13:20:15.125285Z  WARN herdr::detect::manifest_update: skipping unknown remote manifest agent agent="maki"
2026-07-12T13:50:13.705760Z  INFO herdr::logging: checking for updates event="update.check.start" subsystem="update" outcome="started"
2026-07-12T13:50:14.136837Z  WARN herdr::detect::manifest_update: skipping unknown remote manifest agent agent="maki"
2026-07-12T14:20:13.711200Z  INFO herdr::logging: checking for updates event="update.check.start" subsystem="update" outcome="started"
2026-07-12T14:20:14.273866Z  WARN herdr::detect::manifest_update: skipping unknown remote manifest agent agent="maki"
2026-07-12T15:13:55.624367Z  INFO herdr::logging: checking for updates event="update.check.start" subsystem="update" outcome="started"
2026-07-12T15:13:56.157883Z  WARN herdr::detect::manifest_update: skipping unknown remote manifest agent agent="maki"
2026-07-12T15:43:55.624306Z  INFO herdr::logging: checking for updates event="update.check.start" subsystem="update" outcome="started"
2026-07-12T15:43:57.320888Z  WARN herdr::detect::manifest_update: skipping unknown remote manifest agent agent="maki"
2026-07-12T16:13:55.619577Z  INFO herdr::logging: checking for updates event="update.check.start" subsystem="update" outcome="started"
2026-07-12T16:13:58.050133Z  WARN herdr::detect::manifest_update: skipping unknown remote manifest agent agent="maki"
2026-07-12T16:43:55.624349Z  INFO herdr::logging: checking for updates event="update.check.start" subsystem="update" outcome="started"
2026-07-12T16:43:58.146068Z  WARN herdr::detect::manifest_update: skipping unknown remote manifest agent agent="maki"
2026-07-12T17:13:55.636073Z  INFO herdr::logging: checking for updates event="update.check.start" subsystem="update" outcome="started"
2026-07-12T17:13:56.057395Z  WARN herdr::detect::manifest_update: skipping unknown remote manifest agent agent="maki"
2026-07-12T17:43:55.648676Z  INFO herdr::logging: checking for updates event="update.check.start" subsystem="update" outcome="started"
2026-07-12T17:43:57.224199Z  WARN herdr::detect::manifest_update: skipping unknown remote manifest agent agent="maki"
2026-07-12T18:13:55.660253Z  INFO herdr::logging: checking for updates event="update.check.start" subsystem="update" outcome="started"
2026-07-12T18:13:56.901999Z  WARN herdr::detect::manifest_update: skipping unknown remote manifest agent agent="maki"
2026-07-12T18:43:55.665081Z  INFO herdr::logging: checking for updates event="update.check.start" subsystem="update" outcome="started"
2026-07-12T18:43:56.688161Z  WARN herdr::detect::manifest_update: skipping unknown remote manifest agent agent="maki"
2026-07-12T19:13:55.667168Z  INFO herdr::logging: checking for updates event="update.check.start" subsystem="update" outcome="started"
2026-07-12T19:13:56.162527Z  WARN herdr::detect::manifest_update: skipping unknown remote manifest agent agent="maki"
2026-07-12T19:43:55.671135Z  INFO herdr::logging: checking for updates event="update.check.start" subsystem="update" outcome="started"
2026-07-12T19:43:56.069845Z  WARN herdr::detect::manifest_update: skipping unknown remote manifest agent agent="maki"
2026-07-12T20:13:55.676334Z  INFO herdr::logging: checking for updates event="update.check.start" subsystem="update" outcome="started"
2026-07-12T20:13:57.324883Z  WARN herdr::detect::manifest_update: skipping unknown remote manifest agent agent="maki"
2026-07-12T20:43:55.674631Z  INFO herdr::logging: checking for updates event="update.check.start" subsystem="update" outcome="started"
2026-07-12T20:43:56.158526Z  WARN herdr::detect::manifest_update: skipping unknown remote manifest agent agent="maki"
2026-07-12T21:13:55.668771Z  INFO herdr::logging: checking for updates event="update.check.start" subsystem="update" outcome="started"
2026-07-12T21:13:57.015745Z  WARN herdr::detect::manifest_update: skipping unknown remote manifest agent agent="maki"
2026-07-12T21:43:55.667893Z  INFO herdr::logging: checking for updates event="update.check.start" subsystem="update" outcome="started"
2026-07-12T21:43:56.691474Z  WARN herdr::detect::manifest_update: skipping unknown remote manifest agent agent="maki"
2026-07-12T22:13:55.673283Z  INFO herdr::logging: checking for updates event="update.check.start" subsystem="update" outcome="started"
2026-07-12T22:13:57.060444Z  WARN herdr::detect::manifest_update: skipping unknown remote manifest agent agent="maki"
2026-07-12T22:43:55.681138Z  INFO herdr::logging: checking for updates event="update.check.start" subsystem="update" outcome="started"
2026-07-12T22:43:56.053782Z  WARN herdr::detect::manifest_update: skipping unknown remote manifest agent agent="maki"
2026-07-12T23:13:55.693658Z  INFO herdr::logging: checking for updates event="update.check.start" subsystem="update" outcome="started"
2026-07-12T23:13:56.152491Z  WARN herdr::detect::manifest_update: skipping unknown remote manifest agent agent="maki"
2026-07-12T23:43:55.704878Z  INFO herdr::logging: checking for updates event="update.check.start" subsystem="update" outcome="started"
2026-07-12T23:43:57.150395Z  WARN herdr::detect::manifest_update: skipping unknown remote manifest agent agent="maki"
2026-07-13T00:13:55.713564Z  INFO herdr::logging: checking for updates event="update.check.start" subsystem="update" outcome="started"
2026-07-13T00:13:56.090868Z  WARN herdr::detect::manifest_update: skipping unknown remote manifest agent agent="maki"
2026-07-13T00:43:55.723869Z  INFO herdr::logging: checking for updates event="update.check.start" subsystem="update" outcome="started"
2026-07-13T00:43:58.246801Z  WARN herdr::detect::manifest_update: skipping unknown remote manifest agent agent="maki"
2026-07-13T01:13:55.726883Z  INFO herdr::logging: checking for updates event="update.check.start" subsystem="update" outcome="started"
2026-07-13T01:13:56.200717Z  WARN herdr::detect::manifest_update: skipping unknown remote manifest agent agent="maki"
2026-07-13T01:43:55.725308Z  INFO herdr::logging: checking for updates event="update.check.start" subsystem="update" outcome="started"
2026-07-13T01:43:57.092411Z  WARN herdr::detect::manifest_update: skipping unknown remote manifest agent agent="maki"
2026-07-13T02:13:55.725860Z  INFO herdr::logging: checking for updates event="update.check.start" subsystem="update" outcome="started"
2026-07-13T02:13:57.459459Z  WARN herdr::detect::manifest_update: skipping unknown remote manifest agent agent="maki"
2026-07-13T02:43:55.730458Z  INFO herdr::logging: checking for updates event="update.check.start" subsystem="update" outcome="started"
2026-07-13T02:43:56.177996Z  WARN herdr::detect::manifest_update: skipping unknown remote manifest agent agent="maki"
2026-07-13T03:13:55.734206Z  INFO herdr::logging: checking for updates event="update.check.start" subsystem="update" outcome="started"
2026-07-13T03:13:57.447859Z  WARN herdr::detect::manifest_update: skipping unknown remote manifest agent agent="maki"
2026-07-13T03:43:55.732006Z  INFO herdr::logging: checking for updates event="update.check.start" subsystem="update" outcome="started"
2026-07-13T03:43:57.382481Z  WARN herdr::detect::manifest_update: skipping unknown remote manifest agent agent="maki"
2026-07-13T04:13:55.737796Z  INFO herdr::logging: checking for updates event="update.check.start" subsystem="update" outcome="started"
2026-07-13T04:13:57.053456Z  WARN herdr::detect::manifest_update: skipping unknown remote manifest agent agent="maki"
2026-07-13T04:43:55.743965Z  INFO herdr::logging: checking for updates event="update.check.start" subsystem="update" outcome="started"
2026-07-13T04:43:56.326146Z  WARN herdr::detect::manifest_update: skipping unknown remote manifest agent agent="maki"
2026-07-13T05:13:55.743933Z  INFO herdr::logging: checking for updates event="update.check.start" subsystem="update" outcome="started"
2026-07-13T05:13:56.742822Z  WARN herdr::detect::manifest_update: skipping unknown remote manifest agent agent="maki"
2026-07-13T05:43:55.753789Z  INFO herdr::logging: checking for updates event="update.check.start" subsystem="update" outcome="started"
2026-07-13T05:43:56.261610Z  WARN herdr::detect::manifest_update: skipping unknown remote manifest agent agent="maki"
2026-07-13T06:13:55.763631Z  INFO herdr::logging: checking for updates event="update.check.start" subsystem="update" outcome="started"
2026-07-13T06:13:56.312503Z  WARN herdr::detect::manifest_update: skipping unknown remote manifest agent agent="maki"
2026-07-13T06:43:55.762929Z  INFO herdr::logging: checking for updates event="update.check.start" subsystem="update" outcome="started"
2026-07-13T06:43:57.267618Z  WARN herdr::detect::manifest_update: skipping unknown remote manifest agent agent="maki"
2026-07-13T07:13:55.765741Z  INFO herdr::logging: checking for updates event="update.check.start" subsystem="update" outcome="started"
2026-07-13T07:13:57.145850Z  WARN herdr::detect::manifest_update: skipping unknown remote manifest agent agent="maki"
2026-07-13T14:27:34.178226Z  INFO herdr::logging: checking for updates event="update.check.start" subsystem="update" outcome="started"
2026-07-13T14:27:37.222107Z  WARN herdr::detect::manifest_update: agent detection manifest update failed: failed to fetch https://herdr.dev/agent-detection/index.toml
2026-07-13T14:27:41.229383Z  WARN herdr::logging: update check failed event="update.check.complete" subsystem="update" outcome="error" err="failed to fetch update manifest"
2026-07-13T14:57:34.200910Z  INFO herdr::logging: checking for updates event="update.check.start" subsystem="update" outcome="started"
2026-07-13T14:57:37.238508Z  WARN herdr::detect::manifest_update: agent detection manifest update failed: failed to fetch https://herdr.dev/agent-detection/index.toml
2026-07-13T14:57:41.245934Z  WARN herdr::logging: update check failed event="update.check.complete" subsystem="update" outcome="error" err="failed to fetch update manifest"
2026-07-13T15:28:33.669850Z  INFO herdr::logging: checking for updates event="update.check.start" subsystem="update" outcome="started"
2026-07-13T15:28:36.706687Z  WARN herdr::detect::manifest_update: agent detection manifest update failed: failed to fetch https://herdr.dev/agent-detection/index.toml
2026-07-13T15:28:40.710562Z  WARN herdr::logging: update check failed event="update.check.complete" subsystem="update" outcome="error" err="failed to fetch update manifest"
2026-07-13T15:58:33.671450Z  INFO herdr::logging: checking for updates event="update.check.start" subsystem="update" outcome="started"
2026-07-13T15:58:36.710827Z  WARN herdr::detect::manifest_update: agent detection manifest update failed: failed to fetch https://herdr.dev/agent-detection/index.toml
2026-07-13T15:58:40.720637Z  WARN herdr::logging: update check failed event="update.check.complete" subsystem="update" outcome="error" err="failed to fetch update manifest"
2026-07-13T16:56:53.011974Z  INFO herdr::logging: checking for updates event="update.check.start" subsystem="update" outcome="started"
2026-07-13T16:56:56.046699Z  WARN herdr::detect::manifest_update: agent detection manifest update failed: failed to fetch https://herdr.dev/agent-detection/index.toml
2026-07-13T16:57:00.051789Z  WARN herdr::logging: update check failed event="update.check.complete" subsystem="update" outcome="error" err="failed to fetch update manifest"
2026-07-14T21:16:06.379167Z  INFO herdr::logging: checking for updates event="update.check.start" subsystem="update" outcome="started"
2026-07-14T21:16:06.826665Z  WARN herdr::detect::manifest_update: skipping unknown remote manifest agent agent="maki"
2026-07-14T21:46:06.376320Z  INFO herdr::logging: checking for updates event="update.check.start" subsystem="update" outcome="started"
2026-07-14T21:46:06.689326Z  WARN herdr::detect::manifest_update: skipping unknown remote manifest agent agent="maki"
2026-07-14T22:16:06.374228Z  INFO herdr::logging: checking for updates event="update.check.start" subsystem="update" outcome="started"
2026-07-14T22:16:06.811909Z  WARN herdr::detect::manifest_update: skipping unknown remote manifest agent agent="maki"
2026-08-12T18:05:15.868758Z  INFO herdr::platform::macos: raised server file descriptor soft limit previous=256 target=8192
2026-08-12T18:05:15.869511Z  INFO herdr::api::server: api server listening path=/Users/himujjalupadhyaya/.config/herdr/herdr.sock
2026-08-12T18:05:15.871164Z  INFO herdr::logging: spawning pane terminal event="pane.spawn.start" subsystem="pane" outcome="started" pane_id=1 rows=24 cols=80 scrollback_limit_bytes=10000000
2026-08-12T18:05:15.873707Z  INFO herdr::logging: pane child spawned event="pane.spawned" subsystem="pane" outcome="ok" pane_id=1 pid=67463
2026-08-12T18:05:15.874003Z  INFO herdr::logging: session restore evaluated event="persist.restore" subsystem="persist" outcome="ok" workspaces=1
2026-08-12T18:05:15.874034Z  INFO herdr::app: using pane scrollback configuration pane_scrollback_limit_bytes=10000000
2026-08-12T18:05:15.894730Z  INFO herdr::logging: checking for updates event="update.check.start" subsystem="update" outcome="started"
2026-08-12T18:05:15.899381Z  INFO herdr::server::headless: restored session already has workspaces; ignoring startup cwd cwd=/Users/himujjalupadhyaya/temp/zio-test
2026-08-12T18:05:15.899591Z  INFO herdr::server::headless: client protocol socket listening path=/Users/himujjalupadhyaya/.config/herdr/herdr-client.sock
2026-08-12T18:05:15.899618Z  INFO herdr::server::headless: herdr server started api_socket=/Users/himujjalupadhyaya/.config/herdr/herdr.sock client_socket=/Users/himujjalupadhyaya/.config/herdr/herdr-client.sock
2026-08-12T18:05:15.899641Z  INFO herdr::logging: herdr starting event="app.startup" subsystem="server" outcome="started" pid=67462
2026-08-12T18:05:16.049531Z  INFO herdr::server::headless: client connected client_id=2 cols=224 rows=60 cell_width_px=0 cell_height_px=0 render_encoding=SemanticFrame
2026-08-12T18:05:16.827364Z  WARN herdr::detect::manifest_update: skipping unknown remote manifest agent agent="maki"
2026-08-12T18:05:17.178315Z  INFO herdr::logging: update available event="update.available" subsystem="update" outcome="ok" version="0.8.0"
2026-08-12T18:05:17.178354Z  INFO herdr::update: new stable build available at https://github.com/herdrdev/herdr/releases/download/v0.8.0/herdr-macos-aarch64
2026-08-12T18:05:17.178703Z  INFO herdr::update: auto-update check: 0.8.0 available, waiting for explicit install
2026-08-12T18:05:18.907447Z  WARN herdr::detect::manifest_update: agent detection manifest update failed for agent agent="codex" error=rule trust_directory uses invalid region: top_non_empty_lines(20)
2026-08-12T18:06:03.437460Z  INFO herdr::logging: workspace focused event="workspace.focus" subsystem="workspace" outcome="ok" workspace_id="w7"
2026-08-12T18:06:03.437529Z  INFO herdr::logging: tab focused event="tab.focus" subsystem="tab" outcome="ok" workspace_id="w7" tab_id="w7:t1"
2026-08-12T18:06:08.440150Z  INFO herdr::logging: session saved event="persist.save" subsystem="persist" outcome="ok" path=/Users/himujjalupadhyaya/.config/herdr/session.json workspaces=1
2026-08-12T18:06:33.400069Z  INFO herdr::logging: pane child exited event="pane.exit" subsystem="pane" outcome="completed" pane_id=1 status="ExitStatus { code: 0, signal: None }"
2026-08-12T18:06:33.400117Z  INFO herdr::pane: pane session terminated pane=1 pid=67463 signal=Hangup
2026-08-12T18:06:33.400215Z  INFO herdr::logging: spawning pane terminal event="pane.spawn.start" subsystem="pane" outcome="started" pane_id=2 rows=59 cols=198 scrollback_limit_bytes=10000000
2026-08-12T18:06:33.402521Z  INFO herdr::logging: pane child spawned event="pane.spawned" subsystem="pane" outcome="ok" pane_id=2 pid=68237
2026-08-12T18:06:33.402661Z  INFO herdr::logging: workspace created event="workspace.create" subsystem="workspace" outcome="ok" workspace_id="w8" pane_id=2
2026-08-12T18:06:33.402669Z  INFO herdr::logging: workspace focused event="workspace.focus" subsystem="workspace" outcome="ok" workspace_id="w8"
2026-08-12T18:06:33.402676Z  INFO herdr::logging: tab focused event="tab.focus" subsystem="tab" outcome="ok" workspace_id="w8" tab_id="w8:t1"
2026-08-12T18:06:34.179181Z  INFO herdr::logging: pane child exited event="pane.exit" subsystem="pane" outcome="completed" pane_id=2 status="ExitStatus { code: 0, signal: None }"
2026-08-12T18:06:34.179235Z  INFO herdr::pane: pane session terminated pane=2 pid=68237 signal=Hangup
2026-08-12T18:06:34.179346Z  INFO herdr::logging: spawning pane terminal event="pane.spawn.start" subsystem="pane" outcome="started" pane_id=3 rows=59 cols=198 scrollback_limit_bytes=10000000
2026-08-12T18:06:34.181839Z  INFO herdr::logging: pane child spawned event="pane.spawned" subsystem="pane" outcome="ok" pane_id=3 pid=68292
2026-08-12T18:06:34.181949Z  INFO herdr::logging: workspace created event="workspace.create" subsystem="workspace" outcome="ok" workspace_id="w9" pane_id=3
2026-08-12T18:06:34.181956Z  INFO herdr::logging: workspace focused event="workspace.focus" subsystem="workspace" outcome="ok" workspace_id="w9"
2026-08-12T18:06:34.181962Z  INFO herdr::logging: tab focused event="tab.focus" subsystem="tab" outcome="ok" workspace_id="w9" tab_id="w9:t1"
2026-08-12T18:06:39.202247Z  INFO herdr::logging: session saved event="persist.save" subsystem="persist" outcome="ok" path=/Users/himujjalupadhyaya/.config/herdr/session.json workspaces=1
2026-08-12T18:06:39.427688Z  INFO herdr::server::headless: client detach requested via keybind client_id=2
2026-08-12T18:06:39.428722Z  INFO herdr::server::headless: client disconnected client_id=2
2026-08-12T18:09:41.505049Z  INFO herdr::server::headless: server shutdown initiated
2026-08-12T18:09:41.556647Z  INFO herdr::server::headless: completing server shutdown
2026-08-12T18:09:41.557097Z  INFO herdr::logging: session saved event="persist.save" subsystem="persist" outcome="ok" path=/Users/himujjalupadhyaya/.config/herdr/session.json workspaces=1
2026-08-12T18:09:41.557107Z  INFO herdr::server::headless: headless server exiting
2026-08-12T18:09:41.557900Z  INFO herdr::logging: pane child exited event="pane.exit" subsystem="pane" outcome="completed" pane_id=3 status="ExitStatus { code: 1, signal: None }"
2026-08-12T18:09:41.580684Z  INFO herdr::pane: pane session terminated pane=3 pid=68292 signal=Hangup
2026-08-12T18:09:41.581058Z  INFO herdr::logging: herdr exiting event="app.shutdown" subsystem="server" outcome="completed" pid=67462
2026-08-12T18:09:47.443312Z  INFO herdr::platform::macos: raised server file descriptor soft limit previous=256 target=8192
2026-08-12T18:09:47.443713Z  INFO herdr::api::server: api server listening path=/Users/himujjalupadhyaya/.config/herdr/herdr.sock
2026-08-12T18:09:47.444466Z  INFO herdr::logging: spawning pane terminal event="pane.spawn.start" subsystem="pane" outcome="started" pane_id=1 rows=24 cols=80 scrollback_limit_bytes=10000000
2026-08-12T18:09:47.446477Z  INFO herdr::logging: pane child spawned event="pane.spawned" subsystem="pane" outcome="ok" pane_id=1 pid=69370
2026-08-12T18:09:47.446728Z  INFO herdr::logging: session restore evaluated event="persist.restore" subsystem="persist" outcome="ok" workspaces=1
2026-08-12T18:09:47.446766Z  INFO herdr::app: using pane scrollback configuration pane_scrollback_limit_bytes=10000000
2026-08-12T18:09:47.466923Z  INFO herdr::logging: checking for updates event="update.check.start" subsystem="update" outcome="started"
2026-08-12T18:09:47.472431Z  INFO herdr::server::headless: restored session already has workspaces; ignoring startup cwd cwd=/Users/himujjalupadhyaya/temp/zio-test
2026-08-12T18:09:47.472562Z  INFO herdr::server::headless: client protocol socket listening path=/Users/himujjalupadhyaya/.config/herdr/herdr-client.sock
2026-08-12T18:09:47.472596Z  INFO herdr::server::headless: herdr server started api_socket=/Users/himujjalupadhyaya/.config/herdr/herdr.sock client_socket=/Users/himujjalupadhyaya/.config/herdr/herdr-client.sock
2026-08-12T18:09:47.472799Z  INFO herdr::logging: herdr starting event="app.startup" subsystem="server" outcome="started" pid=69369
2026-08-12T18:09:47.665578Z  INFO herdr::server::headless: client connected client_id=2 cols=224 rows=60 cell_width_px=0 cell_height_px=0 render_encoding=SemanticFrame
2026-08-12T18:10:09.842887Z  INFO herdr::server::headless: client resize client_id=2 cols=224 rows=30 cell_width_px=0 cell_height_px=0
2026-08-12T18:10:10.876092Z  INFO herdr::server::headless: client resize client_id=2 cols=224 rows=60 cell_width_px=0 cell_height_px=0
2026-08-12T18:10:13.046712Z  INFO herdr::server::headless: client resize client_id=2 cols=111 rows=60 cell_width_px=0 cell_height_px=0
2026-08-12T18:10:14.072996Z  INFO herdr::server::headless: client resize client_id=2 cols=224 rows=60 cell_width_px=0 cell_height_px=0
2026-08-12T18:10:21.913659Z  INFO herdr::server::headless: client resize client_id=2 cols=224 rows=62 cell_width_px=0 cell_height_px=0
2026-08-12T18:10:24.269306Z  INFO herdr::server::headless: client connected client_id=4 cols=224 rows=60 cell_width_px=0 cell_height_px=0 render_encoding=SemanticFrame
2026-08-12T18:10:26.870802Z  INFO herdr::server::headless: client resize client_id=2 cols=80 rows=24 cell_width_px=0 cell_height_px=0
2026-08-12T18:10:26.871302Z  INFO herdr::server::headless: client detached client_id=2
2026-08-12T18:10:26.871526Z  INFO herdr::server::headless: client disconnected client_id=2
2026-08-12T18:10:33.037300Z  INFO herdr::logging: session saved event="persist.save" subsystem="persist" outcome="ok" path=/Users/himujjalupadhyaya/.config/herdr/session.json workspaces=1
2026-08-12T18:10:48.808717Z  INFO herdr::logging: spawning pane terminal event="pane.spawn.start" subsystem="pane" outcome="started" pane_id=2 rows=59 cols=198 scrollback_limit_bytes=10000000
2026-08-12T18:10:48.811216Z  INFO herdr::logging: pane child spawned event="pane.spawned" subsystem="pane" outcome="ok" pane_id=2 pid=70336
2026-08-12T18:10:48.811354Z  INFO herdr::logging: workspace created event="workspace.create" subsystem="workspace" outcome="ok" workspace_id="wA" pane_id=2
2026-08-12T18:10:48.811378Z  INFO herdr::logging: workspace focused event="workspace.focus" subsystem="workspace" outcome="ok" workspace_id="wA"
2026-08-12T18:10:48.811398Z  INFO herdr::logging: tab focused event="tab.focus" subsystem="tab" outcome="ok" workspace_id="wA" tab_id="wA:t1"
2026-08-12T18:10:50.563662Z  INFO herdr::logging: workspace focused event="workspace.focus" subsystem="workspace" outcome="ok" workspace_id="w9"
2026-08-12T18:10:50.563707Z  INFO herdr::logging: tab focused event="tab.focus" subsystem="tab" outcome="ok" workspace_id="w9" tab_id="w9:t1"
2026-08-12T18:10:51.148677Z  INFO herdr::logging: workspace focused event="workspace.focus" subsystem="workspace" outcome="ok" workspace_id="wA"
2026-08-12T18:10:51.148709Z  INFO herdr::logging: tab focused event="tab.focus" subsystem="tab" outcome="ok" workspace_id="wA" tab_id="wA:t1"
2026-08-12T18:10:53.342041Z  INFO herdr::logging: workspace closed event="workspace.close" subsystem="workspace" outcome="ok" workspace_id="wA"
2026-08-12T18:10:53.342852Z  INFO herdr::logging: pane child exited event="pane.exit" subsystem="pane" outcome="completed" pane_id=2 status="ExitStatus { code: 1, signal: None }"
2026-08-12T18:10:53.366112Z  INFO herdr::pane: pane session terminated pane=2 pid=70336 signal=Hangup
2026-08-12T18:10:53.366310Z  WARN herdr::app::actions: PaneDied for unknown pane pane=2
2026-08-12T18:10:58.370068Z  INFO herdr::logging: session saved event="persist.save" subsystem="persist" outcome="ok" path=/Users/himujjalupadhyaya/.config/herdr/session.json workspaces=1
2026-08-12T18:11:00.556975Z  INFO herdr::pane: agent changed pane=1 previous_agent=None agent=Some(OpenCode) process=opencode pgid=Some(70397)
2026-08-12T18:17:52.855428Z  INFO herdr::pane: agent changed pane=1 previous_agent=Some(OpenCode) agent=None pgid=Some(69370)
2026-08-12T18:39:47.469557Z  INFO herdr::logging: checking for updates event="update.check.start" subsystem="update" outcome="started"
2026-08-12T18:46:48.619111Z  INFO herdr::logging: pane child exited event="pane.exit" subsystem="pane" outcome="completed" pane_id=1 status="ExitStatus { code: 0, signal: None }"
2026-08-12T18:46:48.619709Z  INFO herdr::pane: pane session terminated pane=1 pid=69370 signal=Hangup
2026-08-12T18:46:48.619821Z  INFO herdr::logging: spawning pane terminal event="pane.spawn.start" subsystem="pane" outcome="started" pane_id=3 rows=59 cols=198 scrollback_limit_bytes=10000000
2026-08-12T18:46:48.623086Z  INFO herdr::logging: pane child spawned event="pane.spawned" subsystem="pane" outcome="ok" pane_id=3 pid=7188
2026-08-12T18:46:48.623227Z  INFO herdr::logging: workspace created event="workspace.create" subsystem="workspace" outcome="ok" workspace_id="wB" pane_id=3
2026-08-12T18:46:48.623236Z  INFO herdr::logging: workspace focused event="workspace.focus" subsystem="workspace" outcome="ok" workspace_id="wB"
2026-08-12T18:46:48.623246Z  INFO herdr::logging: tab focused event="tab.focus" subsystem="tab" outcome="ok" workspace_id="wB" tab_id="wB:t1"
2026-08-12T18:46:53.636013Z  INFO herdr::logging: session saved event="persist.save" subsystem="persist" outcome="ok" path=/Users/himujjalupadhyaya/.config/herdr/session.json workspaces=1
2026-08-12T18:47:02.615952Z  INFO herdr::server::headless: client detach requested via keybind client_id=4
2026-08-12T18:47:02.618416Z  INFO herdr::server::headless: client disconnected client_id=4
2026-08-12T19:09:47.421247Z  INFO herdr::logging: checking for updates event="update.check.start" subsystem="update" outcome="started"
2026-08-13T04:44:15.620383Z  INFO herdr::logging: checking for updates event="update.check.start" subsystem="update" outcome="started"
2026-08-13T04:44:16.744802Z  WARN herdr::detect::manifest_update: skipping unknown remote manifest agent agent="qwen"
2026-08-13T05:59:54.329017Z  INFO herdr::logging: checking for updates event="update.check.start" subsystem="update" outcome="started"
2026-08-13T05:59:55.267612Z  WARN herdr::detect::manifest_update: skipping unknown remote manifest agent agent="qwen"
2026-08-13T06:29:54.360529Z  INFO herdr::logging: checking for updates event="update.check.start" subsystem="update" outcome="started"
2026-08-13T06:29:55.311019Z  WARN herdr::detect::manifest_update: skipping unknown remote manifest agent agent="qwen"
2026-08-13T06:59:54.349682Z  INFO herdr::logging: checking for updates event="update.check.start" subsystem="update" outcome="started"
2026-08-13T06:59:55.284288Z  WARN herdr::detect::manifest_update: skipping unknown remote manifest agent agent="qwen"
2026-08-13T07:29:54.323766Z  INFO herdr::logging: checking for updates event="update.check.start" subsystem="update" outcome="started"
2026-08-13T07:29:54.882635Z  WARN herdr::detect::manifest_update: skipping unknown remote manifest agent agent="qwen"
2026-08-13T07:50:06.068337Z  INFO herdr::server::headless: client connected client_id=6 cols=224 rows=60 cell_width_px=0 cell_height_px=0 render_encoding=SemanticFrame
2026-08-13T07:50:19.713590Z  INFO herdr::pane: agent changed pane=3 previous_agent=None agent=Some(OpenCode) process=opencode pgid=Some(60955)
2026-08-13T07:50:33.952387Z  INFO herdr::logging: spawning pane terminal event="pane.spawn.start" subsystem="pane" outcome="started" pane_id=4 rows=59 cols=198 scrollback_limit_bytes=10000000
2026-08-13T07:50:33.960346Z  INFO herdr::logging: pane child spawned event="pane.spawned" subsystem="pane" outcome="ok" pane_id=4 pid=61371
2026-08-13T07:50:33.960617Z  INFO herdr::logging: tab renamed event="tab.rename" subsystem="tab" outcome="ok" workspace_id="wB" tab_id="wB:t2"
2026-08-13T07:50:33.960661Z  INFO herdr::logging: tab focused event="tab.focus" subsystem="tab" outcome="ok" workspace_id="wB" tab_id="wB:t2"
2026-08-13T07:50:35.992792Z  INFO herdr::logging: tab focused event="tab.focus" subsystem="tab" outcome="ok" workspace_id="wB" tab_id="wB:t1"
2026-08-13T07:50:37.112727Z  INFO herdr::logging: tab focused event="tab.focus" subsystem="tab" outcome="ok" workspace_id="wB" tab_id="wB:t2"
2026-08-13T07:50:37.600548Z  INFO herdr::logging: tab focused event="tab.focus" subsystem="tab" outcome="ok" workspace_id="wB" tab_id="wB:t1"
2026-08-13T07:50:38.068532Z  INFO herdr::logging: tab focused event="tab.focus" subsystem="tab" outcome="ok" workspace_id="wB" tab_id="wB:t2"
2026-08-13T07:50:43.071657Z  INFO herdr::logging: session saved event="persist.save" subsystem="persist" outcome="ok" path=/Users/himujjalupadhyaya/.config/herdr/session.json workspaces=1
2026-08-13T07:50:48.206477Z  INFO herdr::logging: tab focused event="tab.focus" subsystem="tab" outcome="ok" workspace_id="wB" tab_id="wB:t1"
2026-08-13T07:50:50.072274Z  INFO herdr::logging: tab focused event="tab.focus" subsystem="tab" outcome="ok" workspace_id="wB" tab_id="wB:t2"
2026-08-13T07:50:50.772355Z  INFO herdr::logging: tab focused event="tab.focus" subsystem="tab" outcome="ok" workspace_id="wB" tab_id="wB:t1"
2026-08-13T07:50:55.778817Z  INFO herdr::logging: session saved event="persist.save" subsystem="persist" outcome="ok" path=/Users/himujjalupadhyaya/.config/herdr/session.json workspaces=1
2026-08-13T07:56:16.184861Z  INFO herdr::pane: agent changed pane=3 previous_agent=Some(OpenCode) agent=None pgid=Some(7188)
2026-08-13T07:56:27.731068Z  INFO herdr::server::headless: client detach requested via keybind client_id=6
2026-08-13T07:56:27.733138Z  INFO herdr::server::headless: client disconnected client_id=6
2026-08-13T07:59:54.339565Z  INFO herdr::logging: checking for updates event="update.check.start" subsystem="update" outcome="started"
2026-08-13T07:59:55.306769Z  WARN herdr::detect::manifest_update: skipping unknown remote manifest agent agent="qwen"
2026-08-13T08:29:54.279282Z  INFO herdr::logging: checking for updates event="update.check.start" subsystem="update" outcome="started"
2026-08-13T08:29:55.255023Z  WARN herdr::detect::manifest_update: skipping unknown remote manifest agent agent="qwen"
2026-08-13T08:59:54.307376Z  INFO herdr::logging: checking for updates event="update.check.start" subsystem="update" outcome="started"
2026-08-13T08:59:55.366215Z  WARN herdr::detect::manifest_update: skipping unknown remote manifest agent agent="qwen"
2026-08-13T09:29:54.321837Z  INFO herdr::logging: checking for updates event="update.check.start" subsystem="update" outcome="started"
2026-08-13T09:29:55.290116Z  WARN herdr::detect::manifest_update: skipping unknown remote manifest agent agent="qwen"
2026-08-13T09:34:07.607396Z  INFO herdr::server::headless: client connected client_id=8 cols=224 rows=60 cell_width_px=0 cell_height_px=0 render_encoding=SemanticFrame
2026-08-13T09:34:13.846301Z  INFO herdr::pane: agent changed pane=3 previous_agent=None agent=Some(OpenCode) process=opencode pgid=Some(90627)
2026-08-13T09:34:15.683909Z  INFO herdr::logging: tab focused event="tab.focus" subsystem="tab" outcome="ok" workspace_id="wB" tab_id="wB:t2"
2026-08-13T09:34:20.689688Z  INFO herdr::logging: session saved event="persist.save" subsystem="persist" outcome="ok" path=/Users/himujjalupadhyaya/.config/herdr/session.json workspaces=1
2026-08-13T09:34:32.705866Z  INFO herdr::logging: spawning pane terminal event="pane.spawn.start" subsystem="pane" outcome="started" pane_id=5 rows=59 cols=198 scrollback_limit_bytes=10000000
2026-08-13T09:34:32.712848Z  INFO herdr::logging: pane child spawned event="pane.spawned" subsystem="pane" outcome="ok" pane_id=5 pid=91049
2026-08-13T09:34:32.713122Z  INFO herdr::logging: tab focused event="tab.focus" subsystem="tab" outcome="ok" workspace_id="wB" tab_id="wB:t2"
2026-08-13T09:34:34.214590Z  INFO herdr::logging: pane child exited event="pane.exit" subsystem="pane" outcome="completed" pane_id=5 status="ExitStatus { code: 0, signal: None }"
2026-08-13T09:34:34.215192Z  INFO herdr::pane: pane session terminated pane=5 pid=91049 signal=Hangup
2026-08-13T09:34:38.334437Z  INFO herdr::server::headless: client detach requested via keybind client_id=8
2026-08-13T09:34:38.338410Z  INFO herdr::server::headless: client disconnected client_id=8
2026-08-13T09:34:39.223287Z  INFO herdr::logging: session saved event="persist.save" subsystem="persist" outcome="ok" path=/Users/himujjalupadhyaya/.config/herdr/session.json workspaces=1
2026-08-13T09:59:54.355343Z  INFO herdr::logging: checking for updates event="update.check.start" subsystem="update" outcome="started"
2026-08-13T09:59:54.716205Z  WARN herdr::detect::manifest_update: skipping unknown remote manifest agent agent="qwen"
2026-08-13T10:29:54.353177Z  INFO herdr::logging: checking for updates event="update.check.start" subsystem="update" outcome="started"
2026-08-13T10:29:55.265829Z  WARN herdr::detect::manifest_update: skipping unknown remote manifest agent agent="qwen"
2026-08-13T10:59:54.335631Z  INFO herdr::logging: checking for updates event="update.check.start" subsystem="update" outcome="started"
2026-08-13T10:59:55.229435Z  WARN herdr::detect::manifest_update: skipping unknown remote manifest agent agent="qwen"
2026-08-13T11:29:54.339286Z  INFO herdr::logging: checking for updates event="update.check.start" subsystem="update" outcome="started"
2026-08-13T11:29:55.281290Z  WARN herdr::detect::manifest_update: skipping unknown remote manifest agent agent="qwen"
2026-08-13T11:59:54.308625Z  INFO herdr::logging: checking for updates event="update.check.start" subsystem="update" outcome="started"
2026-08-13T11:59:55.232626Z  WARN herdr::detect::manifest_update: skipping unknown remote manifest agent agent="qwen"
2026-08-13T12:29:54.335776Z  INFO herdr::logging: checking for updates event="update.check.start" subsystem="update" outcome="started"
2026-08-13T12:29:55.324525Z  WARN herdr::detect::manifest_update: skipping unknown remote manifest agent agent="qwen"
2026-08-13T12:59:54.321372Z  INFO herdr::logging: checking for updates event="update.check.start" subsystem="update" outcome="started"
2026-08-13T12:59:55.268671Z  WARN herdr::detect::manifest_update: skipping unknown remote manifest agent agent="qwen"
2026-08-13T13:29:54.368576Z  INFO herdr::logging: checking for updates event="update.check.start" subsystem="update" outcome="started"
2026-08-13T13:29:55.320249Z  WARN herdr::detect::manifest_update: skipping unknown remote manifest agent agent="qwen"
2026-08-13T14:01:52.697005Z  INFO herdr::logging: checking for updates event="update.check.start" subsystem="update" outcome="started"
2026-08-13T14:01:53.005744Z  WARN herdr::detect::manifest_update: skipping unknown remote manifest agent agent="qwen"
2026-08-13T14:31:52.733795Z  INFO herdr::logging: checking for updates event="update.check.start" subsystem="update" outcome="started"
2026-08-13T14:31:53.237853Z  WARN herdr::detect::manifest_update: skipping unknown remote manifest agent agent="qwen"
2026-08-13T15:01:52.745080Z  INFO herdr::logging: checking for updates event="update.check.start" subsystem="update" outcome="started"
2026-08-13T15:01:53.258248Z  WARN herdr::detect::manifest_update: skipping unknown remote manifest agent agent="qwen"
2026-08-14T05:14:06.924015Z  INFO herdr::logging: checking for updates event="update.check.start" subsystem="update" outcome="started"
2026-08-14T05:14:07.897144Z  WARN herdr::detect::manifest_update: skipping unknown remote manifest agent agent="qwen"
2026-08-14T05:44:06.891469Z  INFO herdr::logging: checking for updates event="update.check.start" subsystem="update" outcome="started"
2026-08-14T05:44:07.384050Z  WARN herdr::detect::manifest_update: skipping unknown remote manifest agent agent="qwen"
2026-08-14T06:14:06.901245Z  INFO herdr::logging: checking for updates event="update.check.start" subsystem="update" outcome="started"
2026-08-14T06:14:07.403209Z  WARN herdr::detect::manifest_update: skipping unknown remote manifest agent agent="qwen"
2026-08-14T06:44:06.976830Z  INFO herdr::logging: checking for updates event="update.check.start" subsystem="update" outcome="started"
2026-08-14T06:44:07.967397Z  WARN herdr::detect::manifest_update: skipping unknown remote manifest agent agent="qwen"
2026-08-14T07:14:06.966602Z  INFO herdr::logging: checking for updates event="update.check.start" subsystem="update" outcome="started"
2026-08-14T07:14:07.900321Z  WARN herdr::detect::manifest_update: skipping unknown remote manifest agent agent="qwen"
2026-08-14T07:44:07.019746Z  INFO herdr::logging: checking for updates event="update.check.start" subsystem="update" outcome="started"
2026-08-14T07:44:08.068477Z  WARN herdr::detect::manifest_update: skipping unknown remote manifest agent agent="qwen"
2026-08-14T08:14:06.963759Z  INFO herdr::logging: checking for updates event="update.check.start" subsystem="update" outcome="started"
2026-08-14T08:14:07.875522Z  WARN herdr::detect::manifest_update: skipping unknown remote manifest agent agent="qwen"
2026-08-14T08:44:06.986029Z  INFO herdr::logging: checking for updates event="update.check.start" subsystem="update" outcome="started"
2026-08-14T08:44:07.486983Z  WARN herdr::detect::manifest_update: skipping unknown remote manifest agent agent="qwen"
2026-08-14T09:14:07.027161Z  INFO herdr::logging: checking for updates event="update.check.start" subsystem="update" outcome="started"
2026-08-14T09:14:07.946335Z  WARN herdr::detect::manifest_update: skipping unknown remote manifest agent agent="qwen"
2026-08-14T09:44:06.991217Z  INFO herdr::logging: checking for updates event="update.check.start" subsystem="update" outcome="started"
2026-08-14T09:44:07.619709Z  WARN herdr::detect::manifest_update: skipping unknown remote manifest agent agent="qwen"
2026-08-14T10:14:07.009533Z  INFO herdr::logging: checking for updates event="update.check.start" subsystem="update" outcome="started"
2026-08-14T10:14:07.575685Z  WARN herdr::detect::manifest_update: skipping unknown remote manifest agent agent="qwen"
2026-08-14T10:44:06.994312Z  INFO herdr::logging: checking for updates event="update.check.start" subsystem="update" outcome="started"
2026-08-14T10:44:07.993810Z  WARN herdr::detect::manifest_update: skipping unknown remote manifest agent agent="qwen"
2026-08-14T11:14:07.004257Z  INFO herdr::logging: checking for updates event="update.check.start" subsystem="update" outcome="started"
2026-08-14T11:14:07.970536Z  WARN herdr::detect::manifest_update: skipping unknown remote manifest agent agent="qwen"
2026-08-14T11:44:06.980107Z  INFO herdr::logging: checking for updates event="update.check.start" subsystem="update" outcome="started"
2026-08-14T11:44:07.936647Z  WARN herdr::detect::manifest_update: skipping unknown remote manifest agent agent="qwen"
2026-08-14T12:14:07.017744Z  INFO herdr::logging: checking for updates event="update.check.start" subsystem="update" outcome="started"
2026-08-14T12:14:07.995030Z  WARN herdr::detect::manifest_update: skipping unknown remote manifest agent agent="qwen"
2026-08-14T12:44:07.015847Z  INFO herdr::logging: checking for updates event="update.check.start" subsystem="update" outcome="started"
2026-08-14T12:44:07.482444Z  WARN herdr::detect::manifest_update: skipping unknown remote manifest agent agent="qwen"
2026-08-14T13:14:06.982222Z  INFO herdr::logging: checking for updates event="update.check.start" subsystem="update" outcome="started"
2026-08-14T13:14:07.935542Z  WARN herdr::detect::manifest_update: skipping unknown remote manifest agent agent="qwen"
2026-08-14T13:44:07.022828Z  INFO herdr::logging: checking for updates event="update.check.start" subsystem="update" outcome="started"
2026-08-14T13:44:07.986868Z  WARN herdr::detect::manifest_update: skipping unknown remote manifest agent agent="qwen"
2026-08-14T14:14:07.059721Z  INFO herdr::logging: checking for updates event="update.check.start" subsystem="update" outcome="started"
2026-08-14T14:14:08.005725Z  WARN herdr::detect::manifest_update: skipping unknown remote manifest agent agent="qwen"
2026-08-14T14:44:07.060326Z  INFO herdr::logging: checking for updates event="update.check.start" subsystem="update" outcome="started"
2026-08-14T14:44:07.584341Z  WARN herdr::detect::manifest_update: skipping unknown remote manifest agent agent="qwen"
2026-08-14T15:14:07.085259Z  INFO herdr::logging: checking for updates event="update.check.start" subsystem="update" outcome="started"
2026-08-14T15:14:09.224764Z  WARN herdr::detect::manifest_update: skipping unknown remote manifest agent agent="qwen"
2026-08-14T15:44:07.119178Z  INFO herdr::logging: checking for updates event="update.check.start" subsystem="update" outcome="started"
2026-08-14T15:44:07.720118Z  WARN herdr::detect::manifest_update: skipping unknown remote manifest agent agent="qwen"
2026-08-14T16:14:07.122859Z  INFO herdr::logging: checking for updates event="update.check.start" subsystem="update" outcome="started"
2026-08-14T16:14:08.899936Z  WARN herdr::detect::manifest_update: skipping unknown remote manifest agent agent="qwen"
2026-08-14T16:44:07.109942Z  INFO herdr::logging: checking for updates event="update.check.start" subsystem="update" outcome="started"
2026-08-14T16:44:08.065529Z  WARN herdr::detect::manifest_update: skipping unknown remote manifest agent agent="qwen"
2026-08-14T17:14:07.148365Z  INFO herdr::logging: checking for updates event="update.check.start" subsystem="update" outcome="started"
2026-08-14T17:14:09.319709Z  WARN herdr::detect::manifest_update: skipping unknown remote manifest agent agent="qwen"
2026-08-14T17:44:07.175867Z  INFO herdr::logging: checking for updates event="update.check.start" subsystem="update" outcome="started"
2026-08-14T17:44:08.347331Z  WARN herdr::detect::manifest_update: skipping unknown remote manifest agent agent="qwen"
2026-08-14T18:14:07.184662Z  INFO herdr::logging: checking for updates event="update.check.start" subsystem="update" outcome="started"
2026-08-14T18:14:08.168107Z  WARN herdr::detect::manifest_update: skipping unknown remote manifest agent agent="qwen"
2026-08-14T18:44:07.200686Z  INFO herdr::logging: checking for updates event="update.check.start" subsystem="update" outcome="started"
2026-08-14T18:44:09.367004Z  WARN herdr::detect::manifest_update: skipping unknown remote manifest agent agent="qwen"
2026-08-14T23:36:25.142228Z  INFO herdr::logging: checking for updates event="update.check.start" subsystem="update" outcome="started"
2026-08-14T23:36:26.054428Z  WARN herdr::detect::manifest_update: skipping unknown remote manifest agent agent="qwen"
2026-08-15T00:06:25.135504Z  INFO herdr::logging: checking for updates event="update.check.start" subsystem="update" outcome="started"
2026-08-15T00:06:26.088113Z  WARN herdr::detect::manifest_update: skipping unknown remote manifest agent agent="qwen"
2026-08-15T00:36:25.162167Z  INFO herdr::logging: checking for updates event="update.check.start" subsystem="update" outcome="started"
2026-08-15T00:36:26.129003Z  WARN herdr::detect::manifest_update: skipping unknown remote manifest agent agent="qwen"
2026-08-15T01:06:25.173111Z  INFO herdr::logging: checking for updates event="update.check.start" subsystem="update" outcome="started"
2026-08-15T01:06:26.102902Z  WARN herdr::detect::manifest_update: skipping unknown remote manifest agent agent="qwen"
2026-08-15T01:36:25.235104Z  INFO herdr::logging: checking for updates event="update.check.start" subsystem="update" outcome="started"
2026-08-15T01:36:26.155716Z  WARN herdr::detect::manifest_update: skipping unknown remote manifest agent agent="qwen"
2026-08-15T02:06:25.249779Z  INFO herdr::logging: checking for updates event="update.check.start" subsystem="update" outcome="started"
2026-08-15T02:06:26.214065Z  WARN herdr::detect::manifest_update: skipping unknown remote manifest agent agent="qwen"
2026-08-15T02:36:25.239209Z  INFO herdr::logging: checking for updates event="update.check.start" subsystem="update" outcome="started"
2026-08-15T02:36:26.184879Z  WARN herdr::detect::manifest_update: skipping unknown remote manifest agent agent="qwen"
2026-08-15T03:06:25.215799Z  INFO herdr::logging: checking for updates event="update.check.start" subsystem="update" outcome="started"
2026-08-15T03:06:25.707096Z  WARN herdr::detect::manifest_update: skipping unknown remote manifest agent agent="qwen"
2026-08-15T03:36:25.260875Z  INFO herdr::logging: checking for updates event="update.check.start" subsystem="update" outcome="started"
2026-08-15T03:36:26.220806Z  WARN herdr::detect::manifest_update: skipping unknown remote manifest agent agent="qwen"
2026-08-15T04:06:25.270384Z  INFO herdr::logging: checking for updates event="update.check.start" subsystem="update" outcome="started"
2026-08-15T04:06:25.757666Z  WARN herdr::detect::manifest_update: skipping unknown remote manifest agent agent="qwen"
2026-08-15T04:36:25.314118Z  INFO herdr::logging: checking for updates event="update.check.start" subsystem="update" outcome="started"
2026-08-15T04:36:26.274833Z  WARN herdr::detect::manifest_update: skipping unknown remote manifest agent agent="qwen"
2026-08-15T05:06:25.328790Z  INFO herdr::logging: checking for updates event="update.check.start" subsystem="update" outcome="started"
2026-08-15T05:06:26.281857Z  WARN herdr::detect::manifest_update: skipping unknown remote manifest agent agent="qwen"
2026-08-15T05:36:25.349006Z  INFO herdr::logging: checking for updates event="update.check.start" subsystem="update" outcome="started"
2026-08-15T05:36:25.667810Z  WARN herdr::detect::manifest_update: skipping unknown remote manifest agent agent="qwen"
2026-08-15T06:06:25.327583Z  INFO herdr::logging: checking for updates event="update.check.start" subsystem="update" outcome="started"
2026-08-15T06:06:26.249033Z  WARN herdr::detect::manifest_update: skipping unknown remote manifest agent agent="qwen"
2026-08-15T06:36:25.282561Z  INFO herdr::logging: checking for updates event="update.check.start" subsystem="update" outcome="started"
2026-08-15T06:36:26.239342Z  WARN herdr::detect::manifest_update: skipping unknown remote manifest agent agent="qwen"
2026-08-15T07:06:25.291162Z  INFO herdr::logging: checking for updates event="update.check.start" subsystem="update" outcome="started"
2026-08-15T07:06:26.102554Z  WARN herdr::detect::manifest_update: skipping unknown remote manifest agent agent="qwen"
2026-08-15T07:36:25.265434Z  INFO herdr::logging: checking for updates event="update.check.start" subsystem="update" outcome="started"
2026-08-15T07:36:26.218061Z  WARN herdr::detect::manifest_update: skipping unknown remote manifest agent agent="qwen"
2026-08-15T08:06:25.245798Z  INFO herdr::logging: checking for updates event="update.check.start" subsystem="update" outcome="started"
2026-08-15T08:06:26.140456Z  WARN herdr::detect::manifest_update: skipping unknown remote manifest agent agent="qwen"
2026-08-15T08:36:25.304769Z  INFO herdr::logging: checking for updates event="update.check.start" subsystem="update" outcome="started"
2026-08-15T08:36:26.254430Z  WARN herdr::detect::manifest_update: skipping unknown remote manifest agent agent="qwen"
2026-08-15T09:06:25.363111Z  INFO herdr::logging: checking for updates event="update.check.start" subsystem="update" outcome="started"
2026-08-15T09:06:26.347677Z  WARN herdr::detect::manifest_update: skipping unknown remote manifest agent agent="qwen"
2026-08-15T09:36:25.380914Z  INFO herdr::logging: checking for updates event="update.check.start" subsystem="update" outcome="started"
2026-08-15T09:36:25.876775Z  WARN herdr::detect::manifest_update: skipping unknown remote manifest agent agent="qwen"
2026-08-15T10:06:25.396454Z  INFO herdr::logging: checking for updates event="update.check.start" subsystem="update" outcome="started"
2026-08-15T10:06:26.341440Z  WARN herdr::detect::manifest_update: skipping unknown remote manifest agent agent="qwen"
2026-08-15T10:36:25.406362Z  INFO herdr::logging: checking for updates event="update.check.start" subsystem="update" outcome="started"
2026-08-15T10:36:26.382912Z  WARN herdr::detect::manifest_update: skipping unknown remote manifest agent agent="qwen"
2026-08-15T11:06:25.430176Z  INFO herdr::logging: checking for updates event="update.check.start" subsystem="update" outcome="started"
2026-08-15T11:06:26.401116Z  WARN herdr::detect::manifest_update: skipping unknown remote manifest agent agent="qwen"
2026-08-15T11:36:25.440324Z  INFO herdr::logging: checking for updates event="update.check.start" subsystem="update" outcome="started"
2026-08-15T11:36:26.355410Z  WARN herdr::detect::manifest_update: skipping unknown remote manifest agent agent="qwen"
2026-08-15T12:06:25.449180Z  INFO herdr::logging: checking for updates event="update.check.start" subsystem="update" outcome="started"
2026-08-15T12:06:25.788580Z  WARN herdr::detect::manifest_update: skipping unknown remote manifest agent agent="qwen"
2026-08-15T12:36:25.473250Z  INFO herdr::logging: checking for updates event="update.check.start" subsystem="update" outcome="started"
2026-08-15T12:36:26.388242Z  WARN herdr::detect::manifest_update: skipping unknown remote manifest agent agent="qwen"
2026-08-15T13:06:25.487731Z  INFO herdr::logging: checking for updates event="update.check.start" subsystem="update" outcome="started"
2026-08-15T13:06:25.998658Z  WARN herdr::detect::manifest_update: skipping unknown remote manifest agent agent="qwen"
2026-08-15T13:36:25.488740Z  INFO herdr::logging: checking for updates event="update.check.start" subsystem="update" outcome="started"
2026-08-15T13:36:26.394293Z  WARN herdr::detect::manifest_update: skipping unknown remote manifest agent agent="qwen"
2026-08-15T14:06:25.500192Z  INFO herdr::logging: checking for updates event="update.check.start" subsystem="update" outcome="started"
2026-08-15T14:06:26.404574Z  WARN herdr::detect::manifest_update: skipping unknown remote manifest agent agent="qwen"
2026-08-15T14:36:25.490658Z  INFO herdr::logging: checking for updates event="update.check.start" subsystem="update" outcome="started"
2026-08-15T14:36:26.475036Z  WARN herdr::detect::manifest_update: skipping unknown remote manifest agent agent="qwen"
2026-08-15T15:06:25.505352Z  INFO herdr::logging: checking for updates event="update.check.start" subsystem="update" outcome="started"
2026-08-15T15:06:26.443421Z  WARN herdr::detect::manifest_update: skipping unknown remote manifest agent agent="qwen"
2026-08-15T15:36:25.453148Z  INFO herdr::logging: checking for updates event="update.check.start" subsystem="update" outcome="started"
2026-08-15T15:36:26.348101Z  WARN herdr::detect::manifest_update: skipping unknown remote manifest agent agent="qwen"
2026-08-15T16:06:25.500611Z  INFO herdr::logging: checking for updates event="update.check.start" subsystem="update" outcome="started"
2026-08-15T16:06:26.446855Z  WARN herdr::detect::manifest_update: skipping unknown remote manifest agent agent="qwen"
2026-08-15T16:36:25.505160Z  INFO herdr::logging: checking for updates event="update.check.start" subsystem="update" outcome="started"
2026-08-15T16:36:26.456881Z  WARN herdr::detect::manifest_update: skipping unknown remote manifest agent agent="qwen"
2026-08-15T17:06:25.484584Z  INFO herdr::logging: checking for updates event="update.check.start" subsystem="update" outcome="started"
2026-08-15T17:06:26.431393Z  WARN herdr::detect::manifest_update: skipping unknown remote manifest agent agent="qwen"
2026-08-15T17:36:25.510450Z  INFO herdr::logging: checking for updates event="update.check.start" subsystem="update" outcome="started"
2026-08-15T17:36:26.487207Z  WARN herdr::detect::manifest_update: skipping unknown remote manifest agent agent="qwen"
2026-08-15T18:06:25.540995Z  INFO herdr::logging: checking for updates event="update.check.start" subsystem="update" outcome="started"
2026-08-15T18:06:26.463424Z  WARN herdr::detect::manifest_update: skipping unknown remote manifest agent agent="qwen"
2026-08-15T18:36:25.540059Z  INFO herdr::logging: checking for updates event="update.check.start" subsystem="update" outcome="started"
2026-08-15T18:36:25.849197Z  WARN herdr::detect::manifest_update: skipping unknown remote manifest agent agent="qwen"
2026-08-15T19:06:25.563629Z  INFO herdr::logging: checking for updates event="update.check.start" subsystem="update" outcome="started"
2026-08-15T19:06:26.550116Z  WARN herdr::detect::manifest_update: skipping unknown remote manifest agent agent="qwen"
2026-08-15T19:36:25.576392Z  INFO herdr::logging: checking for updates event="update.check.start" subsystem="update" outcome="started"
2026-08-15T19:36:26.510476Z  WARN herdr::detect::manifest_update: skipping unknown remote manifest agent agent="qwen"
2026-08-15T20:06:25.614282Z  INFO herdr::logging: checking for updates event="update.check.start" subsystem="update" outcome="started"
2026-08-15T20:06:25.945220Z  WARN herdr::detect::manifest_update: skipping unknown remote manifest agent agent="qwen"
2026-08-15T20:36:25.641823Z  INFO herdr::logging: checking for updates event="update.check.start" subsystem="update" outcome="started"
2026-08-15T20:36:26.618904Z  WARN herdr::detect::manifest_update: skipping unknown remote manifest agent agent="qwen"
2026-08-15T21:06:25.645629Z  INFO herdr::logging: checking for updates event="update.check.start" subsystem="update" outcome="started"
2026-08-15T21:06:26.603979Z  WARN herdr::detect::manifest_update: skipping unknown remote manifest agent agent="qwen"
2026-08-15T21:36:25.660483Z  INFO herdr::logging: checking for updates event="update.check.start" subsystem="update" outcome="started"
2026-08-15T21:36:26.582638Z  WARN herdr::detect::manifest_update: skipping unknown remote manifest agent agent="qwen"
2026-08-15T22:06:25.617825Z  INFO herdr::logging: checking for updates event="update.check.start" subsystem="update" outcome="started"
2026-08-15T22:06:26.538167Z  WARN herdr::detect::manifest_update: skipping unknown remote manifest agent agent="qwen"
2026-08-15T22:36:25.650258Z  INFO herdr::logging: checking for updates event="update.check.start" subsystem="update" outcome="started"
2026-08-15T22:36:26.144000Z  WARN herdr::detect::manifest_update: skipping unknown remote manifest agent agent="qwen"
2026-08-15T23:06:25.629799Z  INFO herdr::logging: checking for updates event="update.check.start" subsystem="update" outcome="started"
2026-08-15T23:06:26.562378Z  WARN herdr::detect::manifest_update: skipping unknown remote manifest agent agent="qwen"
2026-08-15T23:36:25.647258Z  INFO herdr::logging: checking for updates event="update.check.start" subsystem="update" outcome="started"
2026-08-15T23:36:26.138129Z  WARN herdr::detect::manifest_update: skipping unknown remote manifest agent agent="qwen"
2026-08-16T00:06:25.625490Z  INFO herdr::logging: checking for updates event="update.check.start" subsystem="update" outcome="started"
2026-08-16T00:06:26.573011Z  WARN herdr::detect::manifest_update: skipping unknown remote manifest agent agent="qwen"
2026-08-16T00:36:25.657188Z  INFO herdr::logging: checking for updates event="update.check.start" subsystem="update" outcome="started"
2026-08-16T00:36:26.550921Z  WARN herdr::detect::manifest_update: skipping unknown remote manifest agent agent="qwen"
2026-08-16T01:06:25.679547Z  INFO herdr::logging: checking for updates event="update.check.start" subsystem="update" outcome="started"
2026-08-16T01:06:26.615186Z  WARN herdr::detect::manifest_update: skipping unknown remote manifest agent agent="qwen"
2026-08-16T01:36:25.675403Z  INFO herdr::logging: checking for updates event="update.check.start" subsystem="update" outcome="started"
2026-08-16T01:36:26.603780Z  WARN herdr::detect::manifest_update: skipping unknown remote manifest agent agent="qwen"
2026-08-16T02:06:25.645043Z  INFO herdr::logging: checking for updates event="update.check.start" subsystem="update" outcome="started"
2026-08-16T02:06:26.603371Z  WARN herdr::detect::manifest_update: skipping unknown remote manifest agent agent="qwen"
2026-08-16T02:36:25.682031Z  INFO herdr::logging: checking for updates event="update.check.start" subsystem="update" outcome="started"
2026-08-16T02:36:26.176536Z  WARN herdr::detect::manifest_update: skipping unknown remote manifest agent agent="qwen"
2026-08-16T03:06:25.699094Z  INFO herdr::logging: checking for updates event="update.check.start" subsystem="update" outcome="started"
2026-08-16T03:06:26.638447Z  WARN herdr::detect::manifest_update: skipping unknown remote manifest agent agent="qwen"
2026-08-16T03:36:25.741587Z  INFO herdr::logging: checking for updates event="update.check.start" subsystem="update" outcome="started"
2026-08-16T03:36:26.764332Z  WARN herdr::detect::manifest_update: skipping unknown remote manifest agent agent="qwen"
2026-08-16T04:06:25.769671Z  INFO herdr::logging: checking for updates event="update.check.start" subsystem="update" outcome="started"
2026-08-16T04:06:26.717732Z  WARN herdr::detect::manifest_update: skipping unknown remote manifest agent agent="qwen"
2026-08-16T04:36:25.759013Z  INFO herdr::logging: checking for updates event="update.check.start" subsystem="update" outcome="started"
2026-08-16T04:36:26.726221Z  WARN herdr::detect::manifest_update: skipping unknown remote manifest agent agent="qwen"
2026-08-16T05:06:25.714552Z  INFO herdr::logging: checking for updates event="update.check.start" subsystem="update" outcome="started"
2026-08-16T05:06:26.704807Z  WARN herdr::detect::manifest_update: skipping unknown remote manifest agent agent="qwen"
2026-08-16T05:36:25.729393Z  INFO herdr::logging: checking for updates event="update.check.start" subsystem="update" outcome="started"
2026-08-16T05:36:26.280684Z  WARN herdr::detect::manifest_update: skipping unknown remote manifest agent agent="qwen"
2026-08-16T06:06:25.767600Z  INFO herdr::logging: checking for updates event="update.check.start" subsystem="update" outcome="started"
2026-08-16T06:06:26.685590Z  WARN herdr::detect::manifest_update: skipping unknown remote manifest agent agent="qwen"
2026-08-16T06:36:25.797800Z  INFO herdr::logging: checking for updates event="update.check.start" subsystem="update" outcome="started"
2026-08-16T06:36:26.743390Z  WARN herdr::detect::manifest_update: skipping unknown remote manifest agent agent="qwen"
2026-08-16T07:06:25.820194Z  INFO herdr::logging: checking for updates event="update.check.start" subsystem="update" outcome="started"
2026-08-16T07:06:26.144876Z  WARN herdr::detect::manifest_update: skipping unknown remote manifest agent agent="qwen"
2026-08-16T07:36:25.798746Z  INFO herdr::logging: checking for updates event="update.check.start" subsystem="update" outcome="started"
2026-08-16T07:36:26.742952Z  WARN herdr::detect::manifest_update: skipping unknown remote manifest agent agent="qwen"
2026-08-16T08:06:25.796656Z  INFO herdr::logging: checking for updates event="update.check.start" subsystem="update" outcome="started"
2026-08-16T08:06:26.727097Z  WARN herdr::detect::manifest_update: skipping unknown remote manifest agent agent="qwen"
2026-08-16T08:36:25.790407Z  INFO herdr::logging: checking for updates event="update.check.start" subsystem="update" outcome="started"
2026-08-16T08:36:26.102810Z  WARN herdr::detect::manifest_update: skipping unknown remote manifest agent agent="qwen"
2026-08-16T09:06:25.823771Z  INFO herdr::logging: checking for updates event="update.check.start" subsystem="update" outcome="started"
2026-08-16T09:06:26.149538Z  WARN herdr::detect::manifest_update: skipping unknown remote manifest agent agent="qwen"
2026-08-16T09:36:25.830959Z  INFO herdr::logging: checking for updates event="update.check.start" subsystem="update" outcome="started"
2026-08-16T09:36:26.739123Z  WARN herdr::detect::manifest_update: skipping unknown remote manifest agent agent="qwen"
2026-08-16T10:06:25.811873Z  INFO herdr::logging: checking for updates event="update.check.start" subsystem="update" outcome="started"
2026-08-16T10:06:26.175096Z  WARN herdr::detect::manifest_update: skipping unknown remote manifest agent agent="qwen"
2026-08-16T10:36:25.780964Z  INFO herdr::logging: checking for updates event="update.check.start" subsystem="update" outcome="started"
2026-08-16T10:36:26.866242Z  WARN herdr::detect::manifest_update: skipping unknown remote manifest agent agent="qwen"
2026-08-16T11:06:25.798151Z  INFO herdr::logging: checking for updates event="update.check.start" subsystem="update" outcome="started"
2026-08-16T11:06:26.297761Z  WARN herdr::detect::manifest_update: skipping unknown remote manifest agent agent="qwen"
2026-08-16T15:14:29.426338Z  INFO herdr::logging: checking for updates event="update.check.start" subsystem="update" outcome="started"
2026-08-16T15:14:29.926358Z  WARN herdr::detect::manifest_update: skipping unknown remote manifest agent agent="qwen"
2026-08-16T15:44:29.532660Z  INFO herdr::logging: checking for updates event="update.check.start" subsystem="update" outcome="started"
2026-08-16T15:44:30.467437Z  WARN herdr::detect::manifest_update: skipping unknown remote manifest agent agent="qwen"
2026-08-16T16:14:29.591276Z  INFO herdr::logging: checking for updates event="update.check.start" subsystem="update" outcome="started"
2026-08-16T16:14:30.538067Z  WARN herdr::detect::manifest_update: skipping unknown remote manifest agent agent="qwen"
2026-08-16T16:44:29.628800Z  INFO herdr::logging: checking for updates event="update.check.start" subsystem="update" outcome="started"
2026-08-16T16:44:31.216207Z  WARN herdr::detect::manifest_update: skipping unknown remote manifest agent agent="qwen"
2026-08-16T17:14:29.604453Z  INFO herdr::logging: checking for updates event="update.check.start" subsystem="update" outcome="started"
2026-08-16T17:14:32.624174Z  WARN herdr::detect::manifest_update: skipping unknown remote manifest agent agent="qwen"
2026-08-16T17:44:29.617879Z  INFO herdr::logging: checking for updates event="update.check.start" subsystem="update" outcome="started"
2026-08-16T17:44:30.156166Z  WARN herdr::detect::manifest_update: skipping unknown remote manifest agent agent="qwen"
2026-08-16T18:14:29.654546Z  INFO herdr::logging: checking for updates event="update.check.start" subsystem="update" outcome="started"
2026-08-16T18:14:31.953424Z  WARN herdr::detect::manifest_update: skipping unknown remote manifest agent agent="qwen"
2026-08-16T18:44:29.701546Z  INFO herdr::logging: checking for updates event="update.check.start" subsystem="update" outcome="started"
2026-08-16T18:44:30.150802Z  WARN herdr::detect::manifest_update: skipping unknown remote manifest agent agent="qwen"
2026-08-17T01:38:20.834771Z  INFO herdr::logging: checking for updates event="update.check.start" subsystem="update" outcome="started"
2026-08-17T01:38:21.799385Z  WARN herdr::detect::manifest_update: skipping unknown remote manifest agent agent="qwen"
2026-08-17T02:08:20.831246Z  INFO herdr::logging: checking for updates event="update.check.start" subsystem="update" outcome="started"
2026-08-17T02:08:21.814775Z  WARN herdr::detect::manifest_update: skipping unknown remote manifest agent agent="qwen"
2026-08-17T02:38:20.892854Z  INFO herdr::logging: checking for updates event="update.check.start" subsystem="update" outcome="started"
2026-08-17T02:38:21.795542Z  WARN herdr::detect::manifest_update: skipping unknown remote manifest agent agent="qwen"
2026-08-17T03:08:20.836623Z  INFO herdr::logging: checking for updates event="update.check.start" subsystem="update" outcome="started"
2026-08-17T03:08:21.769265Z  WARN herdr::detect::manifest_update: skipping unknown remote manifest agent agent="qwen"
2026-08-17T03:38:20.847056Z  INFO herdr::logging: checking for updates event="update.check.start" subsystem="update" outcome="started"
2026-08-17T03:38:21.778427Z  WARN herdr::detect::manifest_update: skipping unknown remote manifest agent agent="qwen"
2026-08-17T04:08:20.871580Z  INFO herdr::logging: checking for updates event="update.check.start" subsystem="update" outcome="started"
2026-08-17T04:08:21.798224Z  WARN herdr::detect::manifest_update: skipping unknown remote manifest agent agent="qwen"
2026-08-17T04:38:20.907795Z  INFO herdr::logging: checking for updates event="update.check.start" subsystem="update" outcome="started"
2026-08-17T04:38:21.865608Z  WARN herdr::detect::manifest_update: skipping unknown remote manifest agent agent="qwen"
2026-08-17T05:08:20.920437Z  INFO herdr::logging: checking for updates event="update.check.start" subsystem="update" outcome="started"
2026-08-17T05:08:21.831751Z  WARN herdr::detect::manifest_update: skipping unknown remote manifest agent agent="qwen"
2026-08-17T05:38:20.943800Z  INFO herdr::logging: checking for updates event="update.check.start" subsystem="update" outcome="started"
2026-08-17T05:38:21.863371Z  WARN herdr::detect::manifest_update: skipping unknown remote manifest agent agent="qwen"
2026-08-17T06:08:20.944579Z  INFO herdr::logging: checking for updates event="update.check.start" subsystem="update" outcome="started"
2026-08-17T06:08:21.467612Z  WARN herdr::detect::manifest_update: skipping unknown remote manifest agent agent="qwen"
2026-08-17T06:38:20.955164Z  INFO herdr::logging: checking for updates event="update.check.start" subsystem="update" outcome="started"
2026-08-17T06:38:21.892775Z  WARN herdr::detect::manifest_update: skipping unknown remote manifest agent agent="qwen"
2026-08-17T07:08:20.922042Z  INFO herdr::logging: checking for updates event="update.check.start" subsystem="update" outcome="started"
2026-08-17T07:08:21.856822Z  WARN herdr::detect::manifest_update: skipping unknown remote manifest agent agent="qwen"
2026-08-17T07:38:20.922473Z  INFO herdr::logging: checking for updates event="update.check.start" subsystem="update" outcome="started"
2026-08-17T07:38:21.846942Z  WARN herdr::detect::manifest_update: skipping unknown remote manifest agent agent="qwen"
2026-08-17T08:08:20.936056Z  INFO herdr::logging: checking for updates event="update.check.start" subsystem="update" outcome="started"
2026-08-17T08:08:21.285063Z  WARN herdr::detect::manifest_update: skipping unknown remote manifest agent agent="qwen"
2026-08-17T08:38:20.985638Z  INFO herdr::logging: checking for updates event="update.check.start" subsystem="update" outcome="started"
2026-08-17T08:38:21.637892Z  WARN herdr::detect::manifest_update: skipping unknown remote manifest agent agent="qwen"
2026-08-17T09:08:20.978106Z  INFO herdr::logging: checking for updates event="update.check.start" subsystem="update" outcome="started"
2026-08-17T09:08:21.891820Z  WARN herdr::detect::manifest_update: skipping unknown remote manifest agent agent="qwen"
2026-08-17T09:38:20.992446Z  INFO herdr::logging: checking for updates event="update.check.start" subsystem="update" outcome="started"
2026-08-17T09:38:21.905254Z  WARN herdr::detect::manifest_update: skipping unknown remote manifest agent agent="qwen"
2026-08-17T10:08:20.974261Z  INFO herdr::logging: checking for updates event="update.check.start" subsystem="update" outcome="started"
2026-08-17T10:08:21.888193Z  WARN herdr::detect::manifest_update: skipping unknown remote manifest agent agent="qwen"
2026-08-17T10:38:20.956246Z  INFO herdr::logging: checking for updates event="update.check.start" subsystem="update" outcome="started"
2026-08-17T10:38:21.458712Z  WARN herdr::detect::manifest_update: skipping unknown remote manifest agent agent="qwen"
2026-08-17T11:08:21.020451Z  INFO herdr::logging: checking for updates event="update.check.start" subsystem="update" outcome="started"
2026-08-17T11:08:21.535191Z  WARN herdr::detect::manifest_update: skipping unknown remote manifest agent agent="qwen"
2026-08-17T11:38:21.034154Z  INFO herdr::logging: checking for updates event="update.check.start" subsystem="update" outcome="started"
2026-08-17T11:38:21.989479Z  WARN herdr::detect::manifest_update: skipping unknown remote manifest agent agent="qwen"
2026-08-17T12:08:21.022320Z  INFO herdr::logging: checking for updates event="update.check.start" subsystem="update" outcome="started"
2026-08-17T12:08:22.134468Z  WARN herdr::detect::manifest_update: skipping unknown remote manifest agent agent="qwen"
2026-08-17T12:38:21.027513Z  INFO herdr::logging: checking for updates event="update.check.start" subsystem="update" outcome="started"
2026-08-17T12:38:21.971659Z  WARN herdr::detect::manifest_update: skipping unknown remote manifest agent agent="qwen"
2026-08-17T13:08:20.999126Z  INFO herdr::logging: checking for updates event="update.check.start" subsystem="update" outcome="started"
2026-08-17T13:08:22.294694Z  WARN herdr::detect::manifest_update: skipping unknown remote manifest agent agent="qwen"
2026-08-17T13:38:21.032114Z  INFO herdr::logging: checking for updates event="update.check.start" subsystem="update" outcome="started"
2026-08-17T13:38:21.939206Z  WARN herdr::detect::manifest_update: skipping unknown remote manifest agent agent="qwen"
2026-08-17T14:08:21.028305Z  INFO herdr::logging: checking for updates event="update.check.start" subsystem="update" outcome="started"
2026-08-17T14:08:21.939733Z  WARN herdr::detect::manifest_update: skipping unknown remote manifest agent agent="qwen"
2026-08-17T14:38:21.032836Z  INFO herdr::logging: checking for updates event="update.check.start" subsystem="update" outcome="started"
2026-08-17T14:38:21.569244Z  WARN herdr::detect::manifest_update: skipping unknown remote manifest agent agent="qwen"
2026-08-18T04:14:57.683656Z  INFO herdr::logging: checking for updates event="update.check.start" subsystem="update" outcome="started"
2026-08-18T04:14:59.188673Z  WARN herdr::detect::manifest_update: skipping unknown remote manifest agent agent="qwen"
2026-08-18T04:31:50.527800Z  WARN herdr::detect::manifest_update: agent detection manifest update failed for agent agent="copilot" error=fetch failed: failed to fetch https://herdr.dev/agent-detection/github-copilot.toml
2026-08-18T07:04:39.530250Z  INFO herdr::logging: checking for updates event="update.check.start" subsystem="update" outcome="started"
2026-08-18T07:04:40.547452Z  WARN herdr::detect::manifest_update: skipping unknown remote manifest agent agent="qwen"
2026-08-18T07:34:39.539344Z  INFO herdr::logging: checking for updates event="update.check.start" subsystem="update" outcome="started"
2026-08-18T07:34:40.621027Z  WARN herdr::detect::manifest_update: skipping unknown remote manifest agent agent="qwen"
2026-08-18T08:04:39.481353Z  INFO herdr::logging: checking for updates event="update.check.start" subsystem="update" outcome="started"
2026-08-18T08:04:40.717100Z  WARN herdr::detect::manifest_update: skipping unknown remote manifest agent agent="qwen"
2026-08-18T08:34:39.377300Z  INFO herdr::logging: checking for updates event="update.check.start" subsystem="update" outcome="started"
2026-08-18T08:34:40.416389Z  WARN herdr::detect::manifest_update: skipping unknown remote manifest agent agent="qwen"
2026-08-18T09:04:39.367754Z  INFO herdr::logging: checking for updates event="update.check.start" subsystem="update" outcome="started"
2026-08-18T09:04:40.180970Z  WARN herdr::detect::manifest_update: skipping unknown remote manifest agent agent="qwen"
2026-08-18T09:34:39.358303Z  INFO herdr::logging: checking for updates event="update.check.start" subsystem="update" outcome="started"
2026-08-18T09:34:41.909421Z  WARN herdr::detect::manifest_update: skipping unknown remote manifest agent agent="qwen"
2026-08-18T09:34:59.958440Z  WARN herdr::detect::manifest_update: agent detection manifest update failed for agent agent="amp" error=fetch failed: failed to fetch https://herdr.dev/agent-detection/amp.toml
2026-08-18T09:35:18.003911Z  WARN herdr::detect::manifest_update: agent detection manifest update failed for agent agent="agy" error=fetch failed: failed to fetch https://herdr.dev/agent-detection/antigravity.toml
2026-08-18T09:35:36.047910Z  WARN herdr::detect::manifest_update: agent detection manifest update failed for agent agent="claude" error=fetch failed: failed to fetch https://herdr.dev/agent-detection/claude.toml
2026-08-18T09:35:54.111280Z  WARN herdr::detect::manifest_update: agent detection manifest update failed for agent agent="cline" error=fetch failed: failed to fetch https://herdr.dev/agent-detection/cline.toml
2026-08-18T09:36:06.413796Z  WARN herdr::logging: update check failed event="update.check.complete" subsystem="update" outcome="error" err="failed to fetch update manifest"
2026-08-18T09:36:12.153768Z  WARN herdr::detect::manifest_update: agent detection manifest update failed for agent agent="codex" error=fetch failed: failed to fetch https://herdr.dev/agent-detection/codex.toml
2026-08-18T09:36:30.199512Z  WARN herdr::detect::manifest_update: agent detection manifest update failed for agent agent="cursor" error=fetch failed: failed to fetch https://herdr.dev/agent-detection/cursor.toml
2026-08-18T09:36:48.240656Z  WARN herdr::detect::manifest_update: agent detection manifest update failed for agent agent="devin" error=fetch failed: failed to fetch https://herdr.dev/agent-detection/devin.toml
2026-08-18T09:37:06.286891Z  WARN herdr::detect::manifest_update: agent detection manifest update failed for agent agent="droid" error=fetch failed: failed to fetch https://herdr.dev/agent-detection/droid.toml
2026-08-18T09:37:24.335658Z  WARN herdr::detect::manifest_update: agent detection manifest update failed for agent agent="gemini" error=fetch failed: failed to fetch https://herdr.dev/agent-detection/gemini.toml
2026-08-18T09:37:42.380750Z  WARN herdr::detect::manifest_update: agent detection manifest update failed for agent agent="grok" error=fetch failed: failed to fetch https://herdr.dev/agent-detection/grok.toml
2026-08-18T09:38:00.426164Z  WARN herdr::detect::manifest_update: agent detection manifest update failed for agent agent="hermes" error=fetch failed: failed to fetch https://herdr.dev/agent-detection/hermes.toml
2026-08-18T09:38:13.462695Z  WARN herdr::detect::manifest_update: agent detection manifest update failed for agent agent="kilo" error=fetch failed: failed to fetch https://herdr.dev/agent-detection/kilo.toml
2026-08-18T09:38:16.485258Z  WARN herdr::detect::manifest_update: agent detection manifest update failed for agent agent="kimi" error=fetch failed: failed to fetch https://herdr.dev/agent-detection/kimi.toml
2026-08-18T09:38:19.514736Z  WARN herdr::detect::manifest_update: agent detection manifest update failed for agent agent="kiro" error=fetch failed: failed to fetch https://herdr.dev/agent-detection/kiro.toml
2026-08-18T09:38:22.529449Z  WARN herdr::detect::manifest_update: agent detection manifest update failed for agent agent="maki" error=fetch failed: failed to fetch https://herdr.dev/agent-detection/maki.toml
2026-08-18T09:38:25.546160Z  WARN herdr::detect::manifest_update: agent detection manifest update failed for agent agent="opencode" error=fetch failed: failed to fetch https://herdr.dev/agent-detection/opencode.toml
2026-08-18T09:38:28.567929Z  WARN herdr::detect::manifest_update: agent detection manifest update failed for agent agent="pi" error=fetch failed: failed to fetch https://herdr.dev/agent-detection/pi.toml
2026-08-18T09:38:31.593489Z  WARN herdr::detect::manifest_update: agent detection manifest update failed for agent agent="qodercli" error=fetch failed: failed to fetch https://herdr.dev/agent-detection/qodercli.toml
2026-08-18T10:04:39.453754Z  INFO herdr::logging: checking for updates event="update.check.start" subsystem="update" outcome="started"
2026-08-18T10:04:40.191635Z  WARN herdr::detect::manifest_update: skipping unknown remote manifest agent agent="qwen"
2026-08-18T10:34:39.452413Z  INFO herdr::logging: checking for updates event="update.check.start" subsystem="update" outcome="started"
2026-08-18T10:34:40.161029Z  WARN herdr::detect::manifest_update: skipping unknown remote manifest agent agent="qwen"
2026-08-18T11:04:39.564739Z  INFO herdr::logging: checking for updates event="update.check.start" subsystem="update" outcome="started"
2026-08-18T11:04:40.531373Z  WARN herdr::detect::manifest_update: skipping unknown remote manifest agent agent="qwen"
2026-08-18T11:34:39.649000Z  INFO herdr::logging: checking for updates event="update.check.start" subsystem="update" outcome="started"
2026-08-18T11:34:39.982030Z  WARN herdr::detect::manifest_update: skipping unknown remote manifest agent agent="qwen"
2026-08-18T12:04:39.665465Z  INFO herdr::logging: checking for updates event="update.check.start" subsystem="update" outcome="started"
2026-08-18T12:04:40.614297Z  WARN herdr::detect::manifest_update: skipping unknown remote manifest agent agent="qwen"
2026-08-18T12:34:39.686531Z  INFO herdr::logging: checking for updates event="update.check.start" subsystem="update" outcome="started"
2026-08-18T12:34:40.623056Z  WARN herdr::detect::manifest_update: skipping unknown remote manifest agent agent="qwen"
2026-08-18T13:04:39.683252Z  INFO herdr::logging: checking for updates event="update.check.start" subsystem="update" outcome="started"
2026-08-18T13:04:40.081931Z  WARN herdr::detect::manifest_update: skipping unknown remote manifest agent agent="qwen"
2026-08-18T13:34:39.690667Z  INFO herdr::logging: checking for updates event="update.check.start" subsystem="update" outcome="started"
2026-08-18T13:34:40.036116Z  WARN herdr::detect::manifest_update: skipping unknown remote manifest agent agent="qwen"
2026-08-18T14:04:39.726446Z  INFO herdr::logging: checking for updates event="update.check.start" subsystem="update" outcome="started"
2026-08-18T14:04:41.438973Z  WARN herdr::detect::manifest_update: skipping unknown remote manifest agent agent="qwen"
2026-08-18T14:34:39.750065Z  INFO herdr::logging: checking for updates event="update.check.start" subsystem="update" outcome="started"
2026-08-18T14:34:40.695693Z  WARN herdr::detect::manifest_update: skipping unknown remote manifest agent agent="qwen"
2026-08-18T23:03:19.633044Z  INFO herdr::logging: checking for updates event="update.check.start" subsystem="update" outcome="started"
2026-08-18T23:03:22.668551Z  WARN herdr::detect::manifest_update: agent detection manifest update failed: failed to fetch https://herdr.dev/agent-detection/index.toml
2026-08-18T23:03:26.675935Z  WARN herdr::logging: update check failed event="update.check.complete" subsystem="update" outcome="error" err="failed to fetch update manifest"
2026-08-19T04:45:35.416064Z  INFO herdr::logging: checking for updates event="update.check.start" subsystem="update" outcome="started"
2026-08-19T04:45:36.405996Z  WARN herdr::detect::manifest_update: skipping unknown remote manifest agent agent="qwen"
2026-08-19T05:15:35.403660Z  INFO herdr::logging: checking for updates event="update.check.start" subsystem="update" outcome="started"
2026-08-19T05:15:36.419982Z  WARN herdr::detect::manifest_update: skipping unknown remote manifest agent agent="qwen"
2026-08-19T05:45:35.450395Z  INFO herdr::logging: checking for updates event="update.check.start" subsystem="update" outcome="started"
2026-08-19T05:45:36.401182Z  WARN herdr::detect::manifest_update: skipping unknown remote manifest agent agent="qwen"
2026-08-19T06:27:44.815414Z  INFO herdr::logging: checking for updates event="update.check.start" subsystem="update" outcome="started"
2026-08-19T06:27:45.758164Z  WARN herdr::detect::manifest_update: skipping unknown remote manifest agent agent="qwen"
2026-08-19T06:57:44.822394Z  INFO herdr::logging: checking for updates event="update.check.start" subsystem="update" outcome="started"
2026-08-19T06:57:45.157415Z  WARN herdr::detect::manifest_update: skipping unknown remote manifest agent agent="qwen"
2026-08-19T07:27:44.845877Z  INFO herdr::logging: checking for updates event="update.check.start" subsystem="update" outcome="started"
2026-08-19T07:27:45.206676Z  WARN herdr::detect::manifest_update: skipping unknown remote manifest agent agent="qwen"
2026-08-19T07:57:44.839275Z  INFO herdr::logging: checking for updates event="update.check.start" subsystem="update" outcome="started"
2026-08-19T07:57:45.806733Z  WARN herdr::detect::manifest_update: skipping unknown remote manifest agent agent="qwen"
2026-08-19T08:27:44.800940Z  INFO herdr::logging: checking for updates event="update.check.start" subsystem="update" outcome="started"
2026-08-19T08:28:02.732970Z  WARN herdr::detect::manifest_update: skipping unknown remote manifest agent agent="qwen"
2026-08-19T08:57:44.826450Z  INFO herdr::logging: checking for updates event="update.check.start" subsystem="update" outcome="started"
2026-08-19T08:57:45.166918Z  WARN herdr::detect::manifest_update: skipping unknown remote manifest agent agent="qwen"
2026-08-19T09:27:44.853329Z  INFO herdr::logging: checking for updates event="update.check.start" subsystem="update" outcome="started"
2026-08-19T09:27:45.190937Z  WARN herdr::detect::manifest_update: skipping unknown remote manifest agent agent="qwen"
2026-08-19T09:57:44.832716Z  INFO herdr::logging: checking for updates event="update.check.start" subsystem="update" outcome="started"
2026-08-19T09:57:45.188777Z  WARN herdr::detect::manifest_update: skipping unknown remote manifest agent agent="qwen"
2026-08-19T10:27:44.863366Z  INFO herdr::logging: checking for updates event="update.check.start" subsystem="update" outcome="started"
2026-08-19T10:27:45.235505Z  WARN herdr::detect::manifest_update: skipping unknown remote manifest agent agent="qwen"
2026-08-19T10:57:44.874820Z  INFO herdr::logging: checking for updates event="update.check.start" subsystem="update" outcome="started"
2026-08-19T10:57:45.225293Z  WARN herdr::detect::manifest_update: skipping unknown remote manifest agent agent="qwen"
2026-08-19T11:27:44.856216Z  INFO herdr::logging: checking for updates event="update.check.start" subsystem="update" outcome="started"
2026-08-19T11:27:45.178113Z  WARN herdr::detect::manifest_update: skipping unknown remote manifest agent agent="qwen"
2026-08-19T13:04:51.922232Z  INFO herdr::logging: checking for updates event="update.check.start" subsystem="update" outcome="started"
2026-08-19T13:04:53.303548Z  WARN herdr::detect::manifest_update: skipping unknown remote manifest agent agent="qwen"
2026-08-19T13:34:51.907659Z  INFO herdr::logging: checking for updates event="update.check.start" subsystem="update" outcome="started"
2026-08-19T13:34:52.306557Z  WARN herdr::detect::manifest_update: skipping unknown remote manifest agent agent="qwen"
2026-08-19T14:04:51.941289Z  INFO herdr::logging: checking for updates event="update.check.start" subsystem="update" outcome="started"
2026-08-19T14:04:52.970209Z  WARN herdr::detect::manifest_update: skipping unknown remote manifest agent agent="qwen"
2026-08-19T14:34:51.951202Z  INFO herdr::logging: checking for updates event="update.check.start" subsystem="update" outcome="started"
2026-08-19T14:34:52.466328Z  WARN herdr::detect::manifest_update: skipping unknown remote manifest agent agent="qwen"
2026-08-19T15:04:51.955253Z  INFO herdr::logging: checking for updates event="update.check.start" subsystem="update" outcome="started"
2026-08-19T15:04:52.922436Z  WARN herdr::detect::manifest_update: skipping unknown remote manifest agent agent="qwen"
2026-08-19T15:34:51.994529Z  INFO herdr::logging: checking for updates event="update.check.start" subsystem="update" outcome="started"
2026-08-19T15:34:52.930993Z  WARN herdr::detect::manifest_update: skipping unknown remote manifest agent agent="qwen"
2026-08-19T16:04:51.981835Z  INFO herdr::logging: checking for updates event="update.check.start" subsystem="update" outcome="started"
2026-08-19T16:04:52.926756Z  WARN herdr::detect::manifest_update: skipping unknown remote manifest agent agent="qwen"
2026-08-19T16:55:42.670186Z  INFO herdr::logging: checking for updates event="update.check.start" subsystem="update" outcome="started"
2026-08-19T16:55:46.293981Z  WARN herdr::detect::manifest_update: skipping unknown remote manifest agent agent="qwen"
2026-08-20T03:59:45.505789Z  INFO herdr::logging: checking for updates event="update.check.start" subsystem="update" outcome="started"
2026-08-20T03:59:46.442154Z  WARN herdr::detect::manifest_update: skipping unknown remote manifest agent agent="qwen"
2026-08-20T03:59:46.855672Z  INFO herdr::logging: update available event="update.available" subsystem="update" outcome="ok" version="0.8.2"
2026-08-20T03:59:46.855701Z  INFO herdr::update: new stable build available at https://github.com/herdrdev/herdr/releases/download/v0.8.2/herdr-macos-aarch64
2026-08-20T03:59:46.857269Z  INFO herdr::update: auto-update check: 0.8.2 available, waiting for explicit install
2026-08-20T04:29:46.462566Z  WARN herdr::detect::manifest_update: skipping unknown remote manifest agent agent="qwen"
2026-08-20T04:59:46.118498Z  WARN herdr::detect::manifest_update: skipping unknown remote manifest agent agent="qwen"
2026-08-20T05:29:46.115591Z  WARN herdr::detect::manifest_update: skipping unknown remote manifest agent agent="qwen"
2026-08-20T05:59:47.088592Z  WARN herdr::detect::manifest_update: skipping unknown remote manifest agent agent="qwen"
2026-08-20T06:29:46.942132Z  WARN herdr::detect::manifest_update: skipping unknown remote manifest agent agent="qwen"
2026-08-20T06:59:47.923845Z  WARN herdr::detect::manifest_update: skipping unknown remote manifest agent agent="qwen"
2026-08-20T07:29:46.408030Z  WARN herdr::detect::manifest_update: skipping unknown remote manifest agent agent="qwen"
2026-08-20T07:59:46.339589Z  WARN herdr::detect::manifest_update: skipping unknown remote manifest agent agent="qwen"
2026-08-20T08:29:45.922963Z  WARN herdr::detect::manifest_update: skipping unknown remote manifest agent agent="qwen"
2026-08-20T08:59:46.510940Z  WARN herdr::detect::manifest_update: skipping unknown remote manifest agent agent="qwen"
2026-08-20T09:29:45.935107Z  WARN herdr::detect::manifest_update: skipping unknown remote manifest agent agent="qwen"
2026-08-20T09:59:45.946504Z  WARN herdr::detect::manifest_update: skipping unknown remote manifest agent agent="qwen"
2026-08-20T10:29:46.599536Z  WARN herdr::detect::manifest_update: skipping unknown remote manifest agent agent="qwen"
2026-08-20T10:59:46.588916Z  WARN herdr::detect::manifest_update: skipping unknown remote manifest agent agent="qwen"
2026-08-20T11:31:28.199164Z  WARN herdr::detect::manifest_update: skipping unknown remote manifest agent agent="qwen"
2026-08-20T13:47:33.030830Z  WARN herdr::detect::manifest_update: skipping unknown remote manifest agent agent="qwen"
2026-08-20T14:17:33.136813Z  WARN herdr::detect::manifest_update: skipping unknown remote manifest agent agent="qwen"
2026-08-20T14:47:33.118898Z  WARN herdr::detect::manifest_update: skipping unknown remote manifest agent agent="qwen"
2026-08-20T15:17:33.145158Z  WARN herdr::detect::manifest_update: skipping unknown remote manifest agent agent="qwen"
2026-08-20T15:47:32.511166Z  WARN herdr::detect::manifest_update: skipping unknown remote manifest agent agent="qwen"
2026-08-20T16:17:32.478455Z  WARN herdr::detect::manifest_update: skipping unknown remote manifest agent agent="qwen"
2026-08-21T05:20:35.188926Z  WARN herdr::detect::manifest_update: skipping unknown remote manifest agent agent="qwen"
2026-08-21T05:50:35.694423Z  WARN herdr::detect::manifest_update: skipping unknown remote manifest agent agent="qwen"
2026-08-21T06:20:35.740434Z  WARN herdr::detect::manifest_update: skipping unknown remote manifest agent agent="qwen"
2026-08-21T06:50:35.714314Z  WARN herdr::detect::manifest_update: skipping unknown remote manifest agent agent="qwen"
2026-08-21T07:20:35.146988Z  WARN herdr::detect::manifest_update: skipping unknown remote manifest agent agent="qwen"
2026-08-21T07:50:35.361165Z  WARN herdr::detect::manifest_update: skipping unknown remote manifest agent agent="qwen"
2026-08-21T08:20:35.670990Z  WARN herdr::detect::manifest_update: skipping unknown remote manifest agent agent="qwen"
2026-08-21T08:50:35.433963Z  WARN herdr::detect::manifest_update: skipping unknown remote manifest agent agent="qwen"
2026-08-21T09:52:09.995085Z  WARN herdr::detect::manifest_update: skipping unknown remote manifest agent agent="qwen"
2026-08-21T10:22:09.061714Z  WARN herdr::detect::manifest_update: skipping unknown remote manifest agent agent="qwen"
2026-08-21T10:52:09.716190Z  WARN herdr::detect::manifest_update: skipping unknown remote manifest agent agent="qwen"
2026-08-21T11:22:09.153699Z  WARN herdr::detect::manifest_update: skipping unknown remote manifest agent agent="qwen"
2026-08-21T12:12:56.101650Z  WARN herdr::detect::manifest_update: skipping unknown remote manifest agent agent="qwen"
2026-08-21T13:15:13.041895Z  WARN herdr::detect::manifest_update: skipping unknown remote manifest agent agent="qwen"
2026-08-21T13:45:06.309980Z  WARN herdr::detect::manifest_update: skipping unknown remote manifest agent agent="qwen"
2026-08-21T14:15:05.717333Z  WARN herdr::detect::manifest_update: skipping unknown remote manifest agent agent="qwen"
2026-08-21T14:45:06.048552Z  WARN herdr::detect::manifest_update: skipping unknown remote manifest agent agent="qwen"
2026-08-21T15:15:06.285069Z  WARN herdr::detect::manifest_update: skipping unknown remote manifest agent agent="qwen"
2026-08-21T15:45:05.845982Z  WARN herdr::detect::manifest_update: skipping unknown remote manifest agent agent="qwen"
2026-08-21T16:15:06.312469Z  WARN herdr::detect::manifest_update: skipping unknown remote manifest agent agent="qwen"
2026-08-21T16:45:06.290749Z  WARN herdr::detect::manifest_update: skipping unknown remote manifest agent agent="qwen"
2026-08-21T17:15:06.335207Z  WARN herdr::detect::manifest_update: skipping unknown remote manifest agent agent="qwen"
2026-08-21T17:45:06.323407Z  WARN herdr::detect::manifest_update: skipping unknown remote manifest agent agent="qwen"
2026-08-21T18:15:06.309078Z  WARN herdr::detect::manifest_update: skipping unknown remote manifest agent agent="qwen"
2026-08-21T18:45:05.747242Z  WARN herdr::detect::manifest_update: skipping unknown remote manifest agent agent="qwen"
2026-08-21T19:15:06.305271Z  WARN herdr::detect::manifest_update: skipping unknown remote manifest agent agent="qwen"
2026-08-21T19:45:06.299316Z  WARN herdr::detect::manifest_update: skipping unknown remote manifest agent agent="qwen"
2026-08-21T20:15:06.313890Z  WARN herdr::detect::manifest_update: skipping unknown remote manifest agent agent="qwen"
2026-08-21T20:45:05.745862Z  WARN herdr::detect::manifest_update: skipping unknown remote manifest agent agent="qwen"
2026-08-21T21:15:06.369004Z  WARN herdr::detect::manifest_update: skipping unknown remote manifest agent agent="qwen"
2026-08-21T21:45:06.432102Z  WARN herdr::detect::manifest_update: skipping unknown remote manifest agent agent="qwen"
2026-08-21T22:15:06.442060Z  WARN herdr::detect::manifest_update: skipping unknown remote manifest agent agent="qwen"
2026-08-21T22:45:06.410013Z  WARN herdr::detect::manifest_update: skipping unknown remote manifest agent agent="qwen"
2026-08-21T23:15:06.359658Z  WARN herdr::detect::manifest_update: skipping unknown remote manifest agent agent="qwen"
2026-08-21T23:45:06.421908Z  WARN herdr::detect::manifest_update: skipping unknown remote manifest agent agent="qwen"
2026-08-22T00:15:06.394037Z  WARN herdr::detect::manifest_update: skipping unknown remote manifest agent agent="qwen"
2026-08-22T00:45:06.485542Z  WARN herdr::detect::manifest_update: skipping unknown remote manifest agent agent="qwen"
2026-08-22T01:15:06.500624Z  WARN herdr::detect::manifest_update: skipping unknown remote manifest agent agent="qwen"
2026-08-22T01:45:05.832749Z  WARN herdr::detect::manifest_update: skipping unknown remote manifest agent agent="qwen"
2026-08-22T02:15:05.848961Z  WARN herdr::detect::manifest_update: skipping unknown remote manifest agent agent="qwen"
2026-08-22T03:46:49.805737Z  WARN herdr::detect::manifest_update: skipping unknown remote manifest agent agent="qwen"
2026-08-22T04:06:00.825434Z  WARN herdr::detect::manifest_update: agent detection manifest update failed for agent agent="kimi" error=fetch failed: failed to fetch https://herdr.dev/agent-detection/kimi.toml
2026-08-22T15:35:11.193479Z  WARN herdr::detect::manifest_update: skipping unknown remote manifest agent agent="qwen"
2026-08-22T15:36:47.160217Z  WARN herdr::detect::manifest_update: agent detection manifest update failed for agent agent="cline" error=fetch failed: failed to fetch https://herdr.dev/agent-detection/cline.toml
2026-08-22T15:56:06.341298Z  WARN herdr::detect::manifest_update: agent detection manifest update failed for agent agent="pi" error=fetch failed: failed to fetch https://herdr.dev/agent-detection/pi.toml
2026-08-23T01:19:55.128108Z  WARN herdr::detect::manifest_update: skipping unknown remote manifest agent agent="qwen"
2026-08-23T01:49:55.185517Z  WARN herdr::detect::manifest_update: skipping unknown remote manifest agent agent="qwen"
2026-08-23T02:19:55.154175Z  WARN herdr::detect::manifest_update: skipping unknown remote manifest agent agent="qwen"
2026-08-23T02:49:54.534610Z  WARN herdr::detect::manifest_update: skipping unknown remote manifest agent agent="qwen"
2026-08-23T03:19:55.167757Z  WARN herdr::detect::manifest_update: skipping unknown remote manifest agent agent="qwen"
2026-08-23T03:49:55.212478Z  WARN herdr::detect::manifest_update: skipping unknown remote manifest agent agent="qwen"
2026-08-23T04:19:55.227814Z  WARN herdr::detect::manifest_update: skipping unknown remote manifest agent agent="qwen"
2026-08-23T04:49:55.214707Z  WARN herdr::detect::manifest_update: skipping unknown remote manifest agent agent="qwen"
2026-08-23T05:19:55.247028Z  WARN herdr::detect::manifest_update: skipping unknown remote manifest agent agent="qwen"
2026-08-23T05:49:54.679098Z  WARN herdr::detect::manifest_update: skipping unknown remote manifest agent agent="qwen"
2026-08-23T06:19:54.743674Z  WARN herdr::detect::manifest_update: skipping unknown remote manifest agent agent="qwen"
2026-08-23T06:49:55.246387Z  WARN herdr::detect::manifest_update: skipping unknown remote manifest agent agent="qwen"
2026-08-23T07:19:55.315938Z  WARN herdr::detect::manifest_update: skipping unknown remote manifest agent agent="qwen"
2026-08-23T07:49:54.661187Z  WARN herdr::detect::manifest_update: skipping unknown remote manifest agent agent="qwen"
2026-08-23T08:19:55.222055Z  WARN herdr::detect::manifest_update: skipping unknown remote manifest agent agent="qwen"
2026-08-23T08:49:54.665948Z  WARN herdr::detect::manifest_update: skipping unknown remote manifest agent agent="qwen"
2026-08-23T09:19:55.293578Z  WARN herdr::detect::manifest_update: skipping unknown remote manifest agent agent="qwen"
2026-08-23T09:49:54.717087Z  WARN herdr::detect::manifest_update: skipping unknown remote manifest agent agent="qwen"
2026-08-23T10:19:55.346657Z  WARN herdr::detect::manifest_update: skipping unknown remote manifest agent agent="qwen"
2026-08-23T10:49:55.322194Z  WARN herdr::detect::manifest_update: skipping unknown remote manifest agent agent="qwen"
2026-08-23T11:26:15.449531Z  WARN herdr::detect::manifest_update: skipping unknown remote manifest agent agent="qwen"
2026-08-23T12:04:41.399668Z  WARN herdr::detect::manifest_update: skipping unknown remote manifest agent agent="qwen"
2026-08-23T12:34:41.433315Z  WARN herdr::detect::manifest_update: skipping unknown remote manifest agent agent="qwen"
2026-08-23T13:04:40.804598Z  WARN herdr::detect::manifest_update: skipping unknown remote manifest agent agent="qwen"
2026-08-23T13:34:41.402795Z  WARN herdr::detect::manifest_update: skipping unknown remote manifest agent agent="qwen"
2026-08-23T14:04:40.807031Z  WARN herdr::detect::manifest_update: skipping unknown remote manifest agent agent="qwen"
2026-08-23T14:34:40.813461Z  WARN herdr::detect::manifest_update: skipping unknown remote manifest agent agent="qwen"
2026-08-23T15:04:41.145331Z  WARN herdr::detect::manifest_update: skipping unknown remote manifest agent agent="qwen"
2026-08-23T15:34:40.830413Z  WARN herdr::detect::manifest_update: skipping unknown remote manifest agent agent="qwen"
2026-08-23T16:04:40.972744Z  WARN herdr::detect::manifest_update: skipping unknown remote manifest agent agent="qwen"
2026-08-23T16:34:41.636365Z  WARN herdr::detect::manifest_update: skipping unknown remote manifest agent agent="qwen"
2026-08-23T17:04:41.508197Z  WARN herdr::detect::manifest_update: skipping unknown remote manifest agent agent="qwen"
2026-08-23T17:34:41.545729Z  WARN herdr::detect::manifest_update: skipping unknown remote manifest agent agent="qwen"
2026-08-23T18:04:40.846403Z  WARN herdr::detect::manifest_update: skipping unknown remote manifest agent agent="qwen"
2026-08-23T18:34:41.446227Z  WARN herdr::detect::manifest_update: skipping unknown remote manifest agent agent="qwen"
2026-08-23T19:04:40.871116Z  WARN herdr::detect::manifest_update: skipping unknown remote manifest agent agent="qwen"
2026-08-23T19:34:41.480423Z  WARN herdr::detect::manifest_update: skipping unknown remote manifest agent agent="qwen"
2026-08-23T20:04:41.463598Z  WARN herdr::detect::manifest_update: skipping unknown remote manifest agent agent="qwen"
2026-08-23T20:34:41.450160Z  WARN herdr::detect::manifest_update: skipping unknown remote manifest agent agent="qwen"
2026-08-23T21:04:40.874948Z  WARN herdr::detect::manifest_update: skipping unknown remote manifest agent agent="qwen"
2026-08-23T21:34:40.851422Z  WARN herdr::detect::manifest_update: skipping unknown remote manifest agent agent="qwen"
2026-08-23T22:04:41.511636Z  WARN herdr::detect::manifest_update: skipping unknown remote manifest agent agent="qwen"
2026-08-23T22:34:41.487737Z  WARN herdr::detect::manifest_update: skipping unknown remote manifest agent agent="qwen"
2026-08-23T23:04:40.920618Z  WARN herdr::detect::manifest_update: skipping unknown remote manifest agent agent="qwen"
2026-08-23T23:34:40.850546Z  WARN herdr::detect::manifest_update: skipping unknown remote manifest agent agent="qwen"
2026-08-24T00:04:40.874201Z  WARN herdr::detect::manifest_update: skipping unknown remote manifest agent agent="qwen"
2026-08-24T00:34:40.917463Z  WARN herdr::detect::manifest_update: skipping unknown remote manifest agent agent="qwen"
2026-08-24T01:04:40.955983Z  WARN herdr::detect::manifest_update: skipping unknown remote manifest agent agent="qwen"
2026-08-24T01:34:41.565136Z  WARN herdr::detect::manifest_update: skipping unknown remote manifest agent agent="qwen"
2026-08-24T02:04:40.967429Z  WARN herdr::detect::manifest_update: skipping unknown remote manifest agent agent="qwen"
2026-08-24T02:34:40.946866Z  WARN herdr::detect::manifest_update: skipping unknown remote manifest agent agent="qwen"
2026-08-24T03:04:41.550410Z  WARN herdr::detect::manifest_update: skipping unknown remote manifest agent agent="qwen"
2026-08-24T03:34:41.584239Z  WARN herdr::detect::manifest_update: skipping unknown remote manifest agent agent="qwen"
2026-08-24T04:04:41.546033Z  WARN herdr::detect::manifest_update: skipping unknown remote manifest agent agent="qwen"
2026-08-24T04:34:41.538811Z  WARN herdr::detect::manifest_update: skipping unknown remote manifest agent agent="qwen"
2026-08-24T05:04:41.563003Z  WARN herdr::detect::manifest_update: skipping unknown remote manifest agent agent="qwen"
2026-08-24T05:34:41.561870Z  WARN herdr::detect::manifest_update: skipping unknown remote manifest agent agent="qwen"
2026-08-24T06:04:41.013341Z  WARN herdr::detect::manifest_update: skipping unknown remote manifest agent agent="qwen"
2026-08-24T06:48:13.120565Z  WARN herdr::detect::manifest_update: skipping unknown remote manifest agent agent="qwen"
2026-08-24T07:18:13.754477Z  WARN herdr::detect::manifest_update: skipping unknown remote manifest agent agent="qwen"
2026-08-24T07:48:14.008761Z  WARN herdr::detect::manifest_update: skipping unknown remote manifest agent agent="qwen"
2026-08-24T08:18:13.907917Z  WARN herdr::detect::manifest_update: skipping unknown remote manifest agent agent="qwen"
2026-08-24T08:48:13.594222Z  WARN herdr::detect::manifest_update: skipping unknown remote manifest agent agent="qwen"
2026-08-24T09:18:13.541937Z  WARN herdr::detect::manifest_update: skipping unknown remote manifest agent agent="qwen"
2026-08-24T09:48:25.549414Z  WARN herdr::detect::manifest_update: skipping unknown remote manifest agent agent="qwen"
2026-08-24T09:49:42.559154Z  WARN herdr::detect::manifest_update: agent detection manifest update failed for agent agent="copilot" error=fetch failed: failed to fetch https://herdr.dev/agent-detection/github-copilot.toml
2026-08-24T10:18:13.451346Z  WARN herdr::detect::manifest_update: skipping unknown remote manifest agent agent="qwen"
2026-08-24T10:48:13.643289Z  WARN herdr::detect::manifest_update: skipping unknown remote manifest agent agent="qwen"
2026-08-24T11:18:13.387169Z  WARN herdr::detect::manifest_update: skipping unknown remote manifest agent agent="qwen"
2026-08-24T11:48:13.032991Z  WARN herdr::detect::manifest_update: skipping unknown remote manifest agent agent="qwen"
2026-08-24T12:18:15.397585Z  WARN herdr::detect::manifest_update: skipping unknown remote manifest agent agent="qwen"
2026-08-24T12:48:14.416012Z  WARN herdr::detect::manifest_update: skipping unknown remote manifest agent agent="qwen"
2026-08-24T13:18:13.375707Z  WARN herdr::detect::manifest_update: skipping unknown remote manifest agent agent="qwen"
2026-08-24T13:48:13.316128Z  WARN herdr::detect::manifest_update: skipping unknown remote manifest agent agent="qwen"
2026-08-24T14:18:13.651487Z  WARN herdr::detect::manifest_update: skipping unknown remote manifest agent agent="qwen"
2026-08-24T14:48:13.279245Z  WARN herdr::detect::manifest_update: skipping unknown remote manifest agent agent="qwen"
2026-08-24T15:18:14.369291Z  WARN herdr::detect::manifest_update: skipping unknown remote manifest agent agent="qwen"
2026-08-24T15:48:13.738090Z  WARN herdr::detect::manifest_update: skipping unknown remote manifest agent agent="qwen"
2026-08-24T16:18:13.672656Z  WARN herdr::detect::manifest_update: skipping unknown remote manifest agent agent="qwen"
2026-08-24T16:48:14.764917Z  WARN herdr::detect::manifest_update: skipping unknown remote manifest agent agent="qwen"
2026-08-24T17:18:13.787476Z  WARN herdr::detect::manifest_update: skipping unknown remote manifest agent agent="qwen"
2026-08-24T17:48:14.593525Z  WARN herdr::detect::manifest_update: skipping unknown remote manifest agent agent="qwen"
2026-08-24T18:18:13.386770Z  WARN herdr::detect::manifest_update: skipping unknown remote manifest agent agent="qwen"
2026-08-24T18:48:13.828939Z  WARN herdr::detect::manifest_update: skipping unknown remote manifest agent agent="qwen"
2026-08-24T19:18:13.003848Z  WARN herdr::detect::manifest_update: skipping unknown remote manifest agent agent="qwen"
2026-08-24T19:48:12.912528Z  WARN herdr::detect::manifest_update: skipping unknown remote manifest agent agent="qwen"
2026-08-24T20:18:13.171774Z  WARN herdr::detect::manifest_update: skipping unknown remote manifest agent agent="qwen"
2026-08-24T20:48:13.851613Z  WARN herdr::detect::manifest_update: skipping unknown remote manifest agent agent="qwen"
2026-08-24T21:18:13.924807Z  WARN herdr::detect::manifest_update: skipping unknown remote manifest agent agent="qwen"
2026-08-24T21:48:13.994501Z  WARN herdr::detect::manifest_update: skipping unknown remote manifest agent agent="qwen"
2026-08-24T22:18:14.006160Z  WARN herdr::detect::manifest_update: skipping unknown remote manifest agent agent="qwen"
2026-08-24T22:48:14.011221Z  WARN herdr::detect::manifest_update: skipping unknown remote manifest agent agent="qwen"
2026-08-24T23:02:52.953299Z  INFO herdr::server::headless: server shutdown initiated
2026-08-24T23:02:53.011339Z  INFO herdr::server::headless: completing server shutdown
2026-08-24T23:02:53.015570Z  INFO herdr::logging: session saved event="persist.save" subsystem="persist" outcome="ok" path=/Users/himujjalupadhyaya/.config/herdr/session.json workspaces=1
2026-08-24T23:02:53.016260Z  INFO herdr::server::headless: headless server exiting
2026-08-24T23:02:53.020111Z  INFO herdr::logging: pane child exited event="pane.exit" subsystem="pane" outcome="completed" pane_id=3 status="ExitStatus { code: 1, signal: None }"
2026-08-24T23:02:53.266109Z  INFO herdr::pane: pane session terminated pane=3 pid=7188 signal=Hangup
2026-08-24T23:02:53.275195Z  INFO herdr::logging: pane child exited event="pane.exit" subsystem="pane" outcome="completed" pane_id=4 status="ExitStatus { code: 1, signal: None }"
2026-08-24T23:02:53.298076Z  INFO herdr::pane: pane session terminated pane=4 pid=61371 signal=Hangup
2026-08-24T23:02:53.302593Z  INFO herdr::logging: herdr exiting event="app.shutdown" subsystem="server" outcome="completed" pid=69369
2026-09-09T21:06:42.161545Z  INFO herdr::platform::macos: raised server file descriptor soft limit previous=256 target=8192
2026-09-09T21:06:42.162532Z  INFO herdr::api::server: api server listening path=/Users/himujjalupadhyaya/.config/herdr/herdr.sock
2026-09-09T21:06:42.163942Z  WARN herdr::persist::restore: saved pane cwd does not exist, falling back to HOME cwd=/Users/himujjalupadhyaya/staffinity-ai/westack-it-clone
2026-09-09T21:06:42.164132Z  INFO herdr::logging: spawning pane terminal event="pane.spawn.start" subsystem="pane" outcome="started" pane_id=1 rows=24 cols=80 scrollback_limit_bytes=10000000
2026-09-09T21:06:42.167447Z  INFO herdr::logging: pane child spawned event="pane.spawned" subsystem="pane" outcome="ok" pane_id=1 pid=3061
2026-09-09T21:06:42.167781Z  WARN herdr::persist::restore: saved pane cwd does not exist, falling back to HOME cwd=/Users/himujjalupadhyaya/staffinity-ai/westack-it-clone
2026-09-09T21:06:42.167838Z  INFO herdr::logging: spawning pane terminal event="pane.spawn.start" subsystem="pane" outcome="started" pane_id=2 rows=24 cols=80 scrollback_limit_bytes=10000000
2026-09-09T21:06:42.170010Z  INFO herdr::logging: pane child spawned event="pane.spawned" subsystem="pane" outcome="ok" pane_id=2 pid=3062
2026-09-09T21:06:42.170198Z  INFO herdr::logging: session restore evaluated event="persist.restore" subsystem="persist" outcome="ok" workspaces=1
2026-09-09T21:06:42.170252Z  INFO herdr::app: using pane scrollback configuration pane_scrollback_limit_bytes=10000000
2026-09-09T21:06:42.197946Z  INFO herdr::logging: checking for updates event="update.check.start" subsystem="update" outcome="started"
2026-09-09T21:06:42.203729Z  INFO herdr::server::headless: restored session already has workspaces; ignoring startup cwd cwd=/Users/himujjalupadhyaya/staffinity-ai/company-cockpit
2026-09-09T21:06:42.203856Z  INFO herdr::server::headless: client protocol socket listening path=/Users/himujjalupadhyaya/.config/herdr/herdr-client.sock
2026-09-09T21:06:42.203890Z  INFO herdr::server::headless: herdr server started api_socket=/Users/himujjalupadhyaya/.config/herdr/herdr.sock client_socket=/Users/himujjalupadhyaya/.config/herdr/herdr-client.sock
2026-09-09T21:06:42.204088Z  INFO herdr::logging: herdr starting event="app.startup" subsystem="server" outcome="started" pid=3060
2026-09-09T21:06:42.338324Z  INFO herdr::server::headless: client connected client_id=2 cols=375 rows=90 cell_width_px=0 cell_height_px=0 render_encoding=SemanticFrame
2026-09-09T21:06:42.548806Z  WARN herdr::detect::manifest_update: skipping unknown remote manifest agent agent="muse"
2026-09-09T21:06:42.548858Z  WARN herdr::detect::manifest_update: skipping unknown remote manifest agent agent="qwen"
2026-09-09T21:06:42.691919Z  INFO herdr::logging: update available event="update.available" subsystem="update" outcome="ok" version="0.9.0"
2026-09-09T21:06:42.691987Z  INFO herdr::update: new stable build available at https://github.com/herdrdev/herdr/releases/download/v0.9.0/herdr-macos-aarch64
2026-09-09T21:06:42.693207Z  INFO herdr::update: auto-update check: 0.9.0 available, waiting for explicit install
2026-09-09T21:08:16.365248Z  INFO herdr::logging: pane child exited event="pane.exit" subsystem="pane" outcome="completed" pane_id=2 status="ExitStatus { code: 0, signal: None }"
2026-09-09T21:08:16.366213Z  INFO herdr::pane: pane session terminated pane=2 pid=3062 signal=Hangup
2026-09-09T21:08:17.058532Z  INFO herdr::logging: pane child exited event="pane.exit" subsystem="pane" outcome="completed" pane_id=1 status="ExitStatus { code: 0, signal: None }"
2026-09-09T21:08:17.058814Z  INFO herdr::pane: pane session terminated pane=1 pid=3061 signal=Hangup
2026-09-09T21:08:17.059051Z  INFO herdr::logging: spawning pane terminal event="pane.spawn.start" subsystem="pane" outcome="started" pane_id=3 rows=89 cols=349 scrollback_limit_bytes=10000000
2026-09-09T21:08:17.065157Z  INFO herdr::logging: pane child spawned event="pane.spawned" subsystem="pane" outcome="ok" pane_id=3 pid=3881
2026-09-09T21:08:17.065478Z  INFO herdr::logging: workspace created event="workspace.create" subsystem="workspace" outcome="ok" workspace_id="wC" pane_id=3
2026-09-09T21:08:17.065550Z  INFO herdr::logging: workspace focused event="workspace.focus" subsystem="workspace" outcome="ok" workspace_id="wC"
2026-09-09T21:08:17.065586Z  INFO herdr::logging: tab focused event="tab.focus" subsystem="tab" outcome="ok" workspace_id="wC" tab_id="wC:t1"
2026-09-09T21:08:18.285426Z  INFO herdr::logging: pane child exited event="pane.exit" subsystem="pane" outcome="completed" pane_id=3 status="ExitStatus { code: 0, signal: None }"
2026-09-09T21:08:18.285647Z  INFO herdr::pane: pane session terminated pane=3 pid=3881 signal=Hangup
2026-09-09T21:08:18.285776Z  INFO herdr::logging: spawning pane terminal event="pane.spawn.start" subsystem="pane" outcome="started" pane_id=4 rows=89 cols=349 scrollback_limit_bytes=10000000
2026-09-09T21:08:18.291822Z  INFO herdr::logging: pane child spawned event="pane.spawned" subsystem="pane" outcome="ok" pane_id=4 pid=3938
2026-09-09T21:08:18.292212Z  INFO herdr::logging: workspace created event="workspace.create" subsystem="workspace" outcome="ok" workspace_id="wD" pane_id=4
2026-09-09T21:08:18.292240Z  INFO herdr::logging: workspace focused event="workspace.focus" subsystem="workspace" outcome="ok" workspace_id="wD"
2026-09-09T21:08:18.292262Z  INFO herdr::logging: tab focused event="tab.focus" subsystem="tab" outcome="ok" workspace_id="wD" tab_id="wD:t1"
2026-09-09T21:08:20.746759Z  INFO herdr::server::headless: client resize client_id=2 cols=375 rows=92 cell_width_px=0 cell_height_px=0
2026-09-09T21:08:23.297518Z  INFO herdr::logging: session saved event="persist.save" subsystem="persist" outcome="ok" path=/Users/himujjalupadhyaya/.config/herdr/session.json workspaces=1
2026-09-09T21:08:25.745890Z  INFO herdr::server::headless: client resize client_id=2 cols=80 rows=24 cell_width_px=0 cell_height_px=0
2026-09-09T21:08:25.748092Z  INFO herdr::server::headless: client detached client_id=2
2026-09-09T21:08:25.748179Z  INFO herdr::server::headless: client disconnected client_id=2
2026-09-09T21:36:42.852854Z  WARN herdr::detect::manifest_update: skipping unknown remote manifest agent agent="muse"
2026-09-09T21:36:42.854024Z  WARN herdr::detect::manifest_update: skipping unknown remote manifest agent agent="qwen"
2026-09-09T22:06:42.937138Z  WARN herdr::detect::manifest_update: skipping unknown remote manifest agent agent="muse"
2026-09-09T22:06:42.938694Z  WARN herdr::detect::manifest_update: skipping unknown remote manifest agent agent="qwen"
2026-09-09T22:36:42.611869Z  WARN herdr::detect::manifest_update: skipping unknown remote manifest agent agent="muse"
2026-09-09T22:36:42.613755Z  WARN herdr::detect::manifest_update: skipping unknown remote manifest agent agent="qwen"
2026-09-09T23:06:42.555865Z  WARN herdr::detect::manifest_update: skipping unknown remote manifest agent agent="muse"
2026-09-09T23:06:42.557598Z  WARN herdr::detect::manifest_update: skipping unknown remote manifest agent agent="qwen"
2026-09-09T23:36:46.501376Z  WARN herdr::detect::manifest_update: skipping unknown remote manifest agent agent="muse"
2026-09-09T23:36:46.502179Z  WARN herdr::detect::manifest_update: skipping unknown remote manifest agent agent="qwen"
2026-09-10T00:06:42.202547Z  WARN herdr::detect::manifest_update: skipping unknown remote manifest agent agent="muse"
2026-09-10T00:06:42.204186Z  WARN herdr::detect::manifest_update: skipping unknown remote manifest agent agent="qwen"
2026-09-10T00:36:42.422655Z  WARN herdr::detect::manifest_update: skipping unknown remote manifest agent agent="muse"
2026-09-10T00:36:42.424507Z  WARN herdr::detect::manifest_update: skipping unknown remote manifest agent agent="qwen"
2026-09-10T01:06:42.332792Z  WARN herdr::detect::manifest_update: skipping unknown remote manifest agent agent="muse"
2026-09-10T01:06:42.334651Z  WARN herdr::detect::manifest_update: skipping unknown remote manifest agent agent="qwen"
2026-09-10T01:36:42.722640Z  WARN herdr::detect::manifest_update: skipping unknown remote manifest agent agent="muse"
2026-09-10T01:36:42.724943Z  WARN herdr::detect::manifest_update: skipping unknown remote manifest agent agent="qwen"
2026-09-10T02:06:42.492023Z  WARN herdr::detect::manifest_update: skipping unknown remote manifest agent agent="muse"
2026-09-10T02:06:42.493586Z  WARN herdr::detect::manifest_update: skipping unknown remote manifest agent agent="qwen"
2026-09-10T02:36:42.550590Z  WARN herdr::detect::manifest_update: skipping unknown remote manifest agent agent="muse"
2026-09-10T02:36:42.551403Z  WARN herdr::detect::manifest_update: skipping unknown remote manifest agent agent="qwen"
2026-09-10T03:06:42.646710Z  WARN herdr::detect::manifest_update: skipping unknown remote manifest agent agent="muse"
2026-09-10T03:06:42.648446Z  WARN herdr::detect::manifest_update: skipping unknown remote manifest agent agent="qwen"
2026-09-10T03:36:42.858414Z  WARN herdr::detect::manifest_update: skipping unknown remote manifest agent agent="muse"
2026-09-10T03:36:42.860130Z  WARN herdr::detect::manifest_update: skipping unknown remote manifest agent agent="qwen"
2026-09-10T04:06:43.558728Z  WARN herdr::detect::manifest_update: skipping unknown remote manifest agent agent="muse"
2026-09-10T04:06:43.561076Z  WARN herdr::detect::manifest_update: skipping unknown remote manifest agent agent="qwen"
2026-09-10T04:36:42.807922Z  WARN herdr::detect::manifest_update: skipping unknown remote manifest agent agent="muse"
2026-09-10T04:36:42.808846Z  WARN herdr::detect::manifest_update: skipping unknown remote manifest agent agent="qwen"
2026-09-10T05:06:43.436898Z  WARN herdr::detect::manifest_update: skipping unknown remote manifest agent agent="muse"
2026-09-10T05:06:43.438865Z  WARN herdr::detect::manifest_update: skipping unknown remote manifest agent agent="qwen"
2026-09-10T05:36:42.830153Z  WARN herdr::detect::manifest_update: skipping unknown remote manifest agent agent="muse"
2026-09-10T05:36:42.830912Z  WARN herdr::detect::manifest_update: skipping unknown remote manifest agent agent="qwen"
2026-09-10T06:06:43.417974Z  WARN herdr::detect::manifest_update: skipping unknown remote manifest agent agent="muse"
2026-09-10T06:06:43.419989Z  WARN herdr::detect::manifest_update: skipping unknown remote manifest agent agent="qwen"
2026-09-10T06:36:43.412374Z  WARN herdr::detect::manifest_update: skipping unknown remote manifest agent agent="muse"
2026-09-10T06:36:43.414718Z  WARN herdr::detect::manifest_update: skipping unknown remote manifest agent agent="qwen"
2026-09-10T07:06:42.808667Z  WARN herdr::detect::manifest_update: skipping unknown remote manifest agent agent="muse"
2026-09-10T07:06:42.810703Z  WARN herdr::detect::manifest_update: skipping unknown remote manifest agent agent="qwen"
2026-09-10T07:36:42.931381Z  WARN herdr::detect::manifest_update: skipping unknown remote manifest agent agent="muse"
2026-09-10T07:36:42.932119Z  WARN herdr::detect::manifest_update: skipping unknown remote manifest agent agent="qwen"
2026-09-10T08:06:43.370401Z  WARN herdr::detect::manifest_update: skipping unknown remote manifest agent agent="muse"
2026-09-10T08:06:43.371538Z  WARN herdr::detect::manifest_update: skipping unknown remote manifest agent agent="qwen"
2026-09-10T08:36:42.716854Z  WARN herdr::detect::manifest_update: skipping unknown remote manifest agent agent="muse"
2026-09-10T08:36:42.718467Z  WARN herdr::detect::manifest_update: skipping unknown remote manifest agent agent="qwen"
2026-09-10T09:06:43.112493Z  WARN herdr::detect::manifest_update: skipping unknown remote manifest agent agent="muse"
2026-09-10T09:06:43.114620Z  WARN herdr::detect::manifest_update: skipping unknown remote manifest agent agent="qwen"
2026-09-10T09:36:43.531168Z  WARN herdr::detect::manifest_update: skipping unknown remote manifest agent agent="muse"
2026-09-10T09:36:43.533459Z  WARN herdr::detect::manifest_update: skipping unknown remote manifest agent agent="qwen"
2026-09-10T10:06:43.348131Z  WARN herdr::detect::manifest_update: skipping unknown remote manifest agent agent="muse"
2026-09-10T10:06:43.350213Z  WARN herdr::detect::manifest_update: skipping unknown remote manifest agent agent="qwen"
2026-09-10T10:36:42.748145Z  WARN herdr::detect::manifest_update: skipping unknown remote manifest agent agent="muse"
2026-09-10T10:36:42.749660Z  WARN herdr::detect::manifest_update: skipping unknown remote manifest agent agent="qwen"
2026-09-10T11:06:43.368502Z  WARN herdr::detect::manifest_update: skipping unknown remote manifest agent agent="muse"
2026-09-10T11:06:43.369038Z  WARN herdr::detect::manifest_update: skipping unknown remote manifest agent agent="qwen"
2026-09-10T11:36:42.751541Z  WARN herdr::detect::manifest_update: skipping unknown remote manifest agent agent="muse"
2026-09-10T11:36:42.752949Z  WARN herdr::detect::manifest_update: skipping unknown remote manifest agent agent="qwen"
2026-09-10T12:06:42.772440Z  WARN herdr::detect::manifest_update: skipping unknown remote manifest agent agent="muse"
2026-09-10T12:06:42.774575Z  WARN herdr::detect::manifest_update: skipping unknown remote manifest agent agent="qwen"
2026-09-10T12:36:42.781677Z  WARN herdr::detect::manifest_update: skipping unknown remote manifest agent agent="muse"
2026-09-10T12:36:42.782156Z  WARN herdr::detect::manifest_update: skipping unknown remote manifest agent agent="qwen"
2026-09-10T13:06:42.808485Z  WARN herdr::detect::manifest_update: skipping unknown remote manifest agent agent="muse"
2026-09-10T13:06:42.810450Z  WARN herdr::detect::manifest_update: skipping unknown remote manifest agent agent="qwen"
2026-09-10T13:36:43.423891Z  WARN herdr::detect::manifest_update: skipping unknown remote manifest agent agent="muse"
2026-09-10T13:36:43.426138Z  WARN herdr::detect::manifest_update: skipping unknown remote manifest agent agent="qwen"
2026-09-10T14:06:43.197787Z  WARN herdr::detect::manifest_update: skipping unknown remote manifest agent agent="muse"
2026-09-10T14:06:43.199933Z  WARN herdr::detect::manifest_update: skipping unknown remote manifest agent agent="qwen"
2026-09-10T14:36:43.214293Z  WARN herdr::detect::manifest_update: skipping unknown remote manifest agent agent="muse"
2026-09-10T14:36:43.215959Z  WARN herdr::detect::manifest_update: skipping unknown remote manifest agent agent="qwen"
2026-09-10T15:06:43.241630Z  WARN herdr::detect::manifest_update: skipping unknown remote manifest agent agent="muse"
2026-09-10T15:06:43.244154Z  WARN herdr::detect::manifest_update: skipping unknown remote manifest agent agent="qwen"
2026-09-10T15:36:42.744978Z  WARN herdr::detect::manifest_update: skipping unknown remote manifest agent agent="muse"
2026-09-10T15:36:42.746860Z  WARN herdr::detect::manifest_update: skipping unknown remote manifest agent agent="qwen"
2026-09-10T16:06:43.453584Z  WARN herdr::detect::manifest_update: skipping unknown remote manifest agent agent="muse"
2026-09-10T16:06:43.454748Z  WARN herdr::detect::manifest_update: skipping unknown remote manifest agent agent="qwen"
2026-09-10T16:36:43.506045Z  WARN herdr::detect::manifest_update: skipping unknown remote manifest agent agent="muse"
2026-09-10T16:36:43.508232Z  WARN herdr::detect::manifest_update: skipping unknown remote manifest agent agent="qwen"
2026-09-10T17:06:42.944854Z  WARN herdr::detect::manifest_update: skipping unknown remote manifest agent agent="muse"
2026-09-10T17:06:42.946014Z  WARN herdr::detect::manifest_update: skipping unknown remote manifest agent agent="qwen"
2026-09-10T17:36:43.466919Z  WARN herdr::detect::manifest_update: skipping unknown remote manifest agent agent="muse"
2026-09-10T17:36:43.468688Z  WARN herdr::detect::manifest_update: skipping unknown remote manifest agent agent="qwen"
2026-09-10T18:06:42.882769Z  WARN herdr::detect::manifest_update: skipping unknown remote manifest agent agent="muse"
2026-09-10T18:06:42.884263Z  WARN herdr::detect::manifest_update: skipping unknown remote manifest agent agent="qwen"
2026-09-10T18:36:44.115216Z  WARN herdr::detect::manifest_update: skipping unknown remote manifest agent agent="muse"
2026-09-10T18:36:44.116705Z  WARN herdr::detect::manifest_update: skipping unknown remote manifest agent agent="qwen"
2026-09-10T19:06:43.058471Z  WARN herdr::detect::manifest_update: skipping unknown remote manifest agent agent="muse"
2026-09-10T19:06:43.059355Z  WARN herdr::detect::manifest_update: skipping unknown remote manifest agent agent="qwen"
2026-09-10T19:36:43.035719Z  WARN herdr::detect::manifest_update: skipping unknown remote manifest agent agent="muse"
2026-09-10T19:36:43.037293Z  WARN herdr::detect::manifest_update: skipping unknown remote manifest agent agent="qwen"
2026-09-10T20:06:44.191318Z  WARN herdr::detect::manifest_update: skipping unknown remote manifest agent agent="muse"
2026-09-10T20:06:44.192795Z  WARN herdr::detect::manifest_update: skipping unknown remote manifest agent agent="qwen"
2026-09-10T20:36:43.234758Z  WARN herdr::detect::manifest_update: skipping unknown remote manifest agent agent="muse"
2026-09-10T20:36:43.236329Z  WARN herdr::detect::manifest_update: skipping unknown remote manifest agent agent="qwen"
2026-09-10T21:06:43.037228Z  WARN herdr::detect::manifest_update: skipping unknown remote manifest agent agent="muse"
2026-09-10T21:06:43.039461Z  WARN herdr::detect::manifest_update: skipping unknown remote manifest agent agent="qwen"
2026-09-10T21:36:44.074113Z  WARN herdr::detect::manifest_update: skipping unknown remote manifest agent agent="muse"
2026-09-10T21:36:44.075849Z  WARN herdr::detect::manifest_update: skipping unknown remote manifest agent agent="qwen"
2026-09-10T22:06:44.153336Z  WARN herdr::detect::manifest_update: skipping unknown remote manifest agent agent="muse"
2026-09-10T22:06:44.155351Z  WARN herdr::detect::manifest_update: skipping unknown remote manifest agent agent="qwen"
2026-09-10T22:36:43.145788Z  WARN herdr::detect::manifest_update: skipping unknown remote manifest agent agent="muse"
2026-09-10T22:36:43.148315Z  WARN herdr::detect::manifest_update: skipping unknown remote manifest agent agent="qwen"
2026-09-10T23:06:43.929672Z  WARN herdr::detect::manifest_update: skipping unknown remote manifest agent agent="muse"
2026-09-10T23:06:43.930683Z  WARN herdr::detect::manifest_update: skipping unknown remote manifest agent agent="qwen"
2026-09-10T23:36:43.065790Z  WARN herdr::detect::manifest_update: skipping unknown remote manifest agent agent="muse"
2026-09-10T23:36:43.067314Z  WARN herdr::detect::manifest_update: skipping unknown remote manifest agent agent="qwen"
2026-09-11T00:06:43.080593Z  WARN herdr::detect::manifest_update: skipping unknown remote manifest agent agent="muse"
2026-09-11T00:06:43.081551Z  WARN herdr::detect::manifest_update: skipping unknown remote manifest agent agent="qwen"
2026-09-11T00:36:43.106449Z  WARN herdr::detect::manifest_update: skipping unknown remote manifest agent agent="muse"
2026-09-11T00:36:43.107347Z  WARN herdr::detect::manifest_update: skipping unknown remote manifest agent agent="qwen"
2026-09-11T01:06:45.633205Z  WARN herdr::detect::manifest_update: agent detection manifest update failed: failed to fetch https://herdr.dev/agent-detection/index.toml
2026-09-11T01:36:45.624739Z  WARN herdr::detect::manifest_update: agent detection manifest update failed: failed to fetch https://herdr.dev/agent-detection/index.toml
2026-09-11T02:06:45.666382Z  WARN herdr::detect::manifest_update: agent detection manifest update failed: failed to fetch https://herdr.dev/agent-detection/index.toml
2026-09-11T02:36:43.184567Z  WARN herdr::detect::manifest_update: skipping unknown remote manifest agent agent="muse"
2026-09-11T02:36:43.186255Z  WARN herdr::detect::manifest_update: skipping unknown remote manifest agent agent="qwen"
2026-09-11T03:06:43.900564Z  WARN herdr::detect::manifest_update: skipping unknown remote manifest agent agent="muse"
2026-09-11T03:06:43.900939Z  WARN herdr::detect::manifest_update: skipping unknown remote manifest agent agent="qwen"
2026-09-11T03:36:44.479169Z  WARN herdr::detect::manifest_update: skipping unknown remote manifest agent agent="muse"
2026-09-11T03:36:44.481338Z  WARN herdr::detect::manifest_update: skipping unknown remote manifest agent agent="qwen"
2026-09-11T04:06:43.850689Z  WARN herdr::detect::manifest_update: skipping unknown remote manifest agent agent="muse"
2026-09-11T04:06:43.851726Z  WARN herdr::detect::manifest_update: skipping unknown remote manifest agent agent="qwen"
2026-09-11T04:36:43.954578Z  WARN herdr::detect::manifest_update: skipping unknown remote manifest agent agent="muse"
2026-09-11T04:36:43.956992Z  WARN herdr::detect::manifest_update: skipping unknown remote manifest agent agent="qwen"
2026-09-11T05:06:43.733676Z  WARN herdr::detect::manifest_update: skipping unknown remote manifest agent agent="muse"
2026-09-11T05:06:43.735457Z  WARN herdr::detect::manifest_update: skipping unknown remote manifest agent agent="qwen"
2026-09-11T05:36:43.066930Z  WARN herdr::detect::manifest_update: skipping unknown remote manifest agent agent="muse"
2026-09-11T05:36:43.069251Z  WARN herdr::detect::manifest_update: skipping unknown remote manifest agent agent="qwen"
2026-09-11T06:06:43.217950Z  WARN herdr::detect::manifest_update: skipping unknown remote manifest agent agent="muse"
2026-09-11T06:06:43.219843Z  WARN herdr::detect::manifest_update: skipping unknown remote manifest agent agent="qwen"
2026-09-11T06:43:10.065398Z  WARN herdr::detect::manifest_update: skipping unknown remote manifest agent agent="muse"
2026-09-11T06:43:10.066841Z  WARN herdr::detect::manifest_update: skipping unknown remote manifest agent agent="qwen"
2026-09-11T07:13:08.676994Z  WARN herdr::detect::manifest_update: skipping unknown remote manifest agent agent="muse"
2026-09-11T07:13:08.677945Z  WARN herdr::detect::manifest_update: skipping unknown remote manifest agent agent="qwen"
2026-09-11T07:43:09.400956Z  WARN herdr::detect::manifest_update: skipping unknown remote manifest agent agent="muse"
2026-09-11T07:43:09.403037Z  WARN herdr::detect::manifest_update: skipping unknown remote manifest agent agent="qwen"
2026-09-11T08:19:57.164187Z  WARN herdr::detect::manifest_update: skipping unknown remote manifest agent agent="muse"
2026-09-11T08:19:57.166096Z  WARN herdr::detect::manifest_update: skipping unknown remote manifest agent agent="qwen"
2026-09-11T08:49:56.469417Z  WARN herdr::detect::manifest_update: skipping unknown remote manifest agent agent="muse"
2026-09-11T08:49:56.471185Z  WARN herdr::detect::manifest_update: skipping unknown remote manifest agent agent="qwen"
2026-09-11T09:19:56.482759Z  WARN herdr::detect::manifest_update: skipping unknown remote manifest agent agent="muse"
2026-09-11T09:19:56.486634Z  WARN herdr::detect::manifest_update: skipping unknown remote manifest agent agent="qwen"
2026-09-11T09:49:55.924146Z  WARN herdr::detect::manifest_update: skipping unknown remote manifest agent agent="muse"
2026-09-11T09:49:55.933304Z  WARN herdr::detect::manifest_update: skipping unknown remote manifest agent agent="qwen"
2026-09-11T10:19:56.499390Z  WARN herdr::detect::manifest_update: skipping unknown remote manifest agent agent="muse"
2026-09-11T10:19:56.501195Z  WARN herdr::detect::manifest_update: skipping unknown remote manifest agent agent="qwen"
2026-09-11T10:49:56.564320Z  WARN herdr::detect::manifest_update: skipping unknown remote manifest agent agent="muse"
2026-09-11T10:49:56.565918Z  WARN herdr::detect::manifest_update: skipping unknown remote manifest agent agent="qwen"
2026-09-11T11:19:55.973443Z  WARN herdr::detect::manifest_update: skipping unknown remote manifest agent agent="muse"
2026-09-11T11:19:55.974977Z  WARN herdr::detect::manifest_update: skipping unknown remote manifest agent agent="qwen"
2026-09-11T11:49:55.970173Z  WARN herdr::detect::manifest_update: skipping unknown remote manifest agent agent="muse"
2026-09-11T11:49:55.972370Z  WARN herdr::detect::manifest_update: skipping unknown remote manifest agent agent="qwen"
2026-09-11T12:25:08.073081Z  WARN herdr::detect::manifest_update: skipping unknown remote manifest agent agent="muse"
2026-09-11T12:25:08.073670Z  WARN herdr::detect::manifest_update: skipping unknown remote manifest agent agent="qwen"
2026-09-11T12:55:09.200867Z  WARN herdr::detect::manifest_update: skipping unknown remote manifest agent agent="muse"
2026-09-11T12:55:09.202401Z  WARN herdr::detect::manifest_update: skipping unknown remote manifest agent agent="qwen"
2026-09-11T13:25:10.743516Z  WARN herdr::detect::manifest_update: skipping unknown remote manifest agent agent="muse"
2026-09-11T13:25:10.745415Z  WARN herdr::detect::manifest_update: skipping unknown remote manifest agent agent="qwen"
2026-09-11T13:55:08.317261Z  WARN herdr::detect::manifest_update: skipping unknown remote manifest agent agent="muse"
2026-09-11T13:55:08.318828Z  WARN herdr::detect::manifest_update: skipping unknown remote manifest agent agent="qwen"
2026-09-11T14:25:08.367243Z  WARN herdr::detect::manifest_update: skipping unknown remote manifest agent agent="muse"
2026-09-11T14:25:08.369228Z  WARN herdr::detect::manifest_update: skipping unknown remote manifest agent agent="qwen"
2026-09-11T14:55:07.797716Z  WARN herdr::detect::manifest_update: skipping unknown remote manifest agent agent="muse"
2026-09-11T14:55:07.799580Z  WARN herdr::detect::manifest_update: skipping unknown remote manifest agent agent="qwen"
2026-09-11T15:25:07.988287Z  WARN herdr::detect::manifest_update: skipping unknown remote manifest agent agent="muse"
2026-09-11T15:25:07.989574Z  WARN herdr::detect::manifest_update: skipping unknown remote manifest agent agent="qwen"
2026-09-11T15:55:08.527590Z  WARN herdr::detect::manifest_update: skipping unknown remote manifest agent agent="muse"
2026-09-11T15:55:08.530074Z  WARN herdr::detect::manifest_update: skipping unknown remote manifest agent agent="qwen"
2026-09-11T16:25:08.502151Z  WARN herdr::detect::manifest_update: skipping unknown remote manifest agent agent="muse"
2026-09-11T16:25:08.504281Z  WARN herdr::detect::manifest_update: skipping unknown remote manifest agent agent="qwen"
2026-09-11T16:55:08.495129Z  WARN herdr::detect::manifest_update: skipping unknown remote manifest agent agent="muse"
2026-09-11T16:55:08.496232Z  WARN herdr::detect::manifest_update: skipping unknown remote manifest agent agent="qwen"
2026-09-11T17:25:08.463505Z  WARN herdr::detect::manifest_update: skipping unknown remote manifest agent agent="muse"
2026-09-11T17:25:08.464514Z  WARN herdr::detect::manifest_update: skipping unknown remote manifest agent agent="qwen"
2026-09-11T17:55:07.998424Z  WARN herdr::detect::manifest_update: skipping unknown remote manifest agent agent="muse"
2026-09-11T17:55:08.000559Z  WARN herdr::detect::manifest_update: skipping unknown remote manifest agent agent="qwen"
2026-09-11T18:25:09.015020Z  WARN herdr::detect::manifest_update: skipping unknown remote manifest agent agent="muse"
2026-09-11T18:25:09.017017Z  WARN herdr::detect::manifest_update: skipping unknown remote manifest agent agent="qwen"
2026-09-11T18:55:08.276192Z  WARN herdr::detect::manifest_update: skipping unknown remote manifest agent agent="muse"
2026-09-11T18:55:08.278233Z  WARN herdr::detect::manifest_update: skipping unknown remote manifest agent agent="qwen"
2026-09-11T19:25:07.926657Z  WARN herdr::detect::manifest_update: skipping unknown remote manifest agent agent="muse"
2026-09-11T19:25:07.928062Z  WARN herdr::detect::manifest_update: skipping unknown remote manifest agent agent="qwen"
2026-09-11T19:26:01.353074Z  WARN herdr::detect::manifest_update: agent detection manifest update failed for agent agent="cursor" error=fetch failed: failed to fetch https://herdr.dev/agent-detection/cursor.toml
2026-09-11T19:55:08.580943Z  WARN herdr::detect::manifest_update: skipping unknown remote manifest agent agent="muse"
2026-09-11T19:55:08.582389Z  WARN herdr::detect::manifest_update: skipping unknown remote manifest agent agent="qwen"
2026-09-11T20:25:07.927629Z  WARN herdr::detect::manifest_update: skipping unknown remote manifest agent agent="muse"
2026-09-11T20:25:07.929646Z  WARN herdr::detect::manifest_update: skipping unknown remote manifest agent agent="qwen"
2026-09-11T20:55:07.931934Z  WARN herdr::detect::manifest_update: skipping unknown remote manifest agent agent="muse"
2026-09-11T20:55:07.933471Z  WARN herdr::detect::manifest_update: skipping unknown remote manifest agent agent="qwen"
2026-09-11T21:25:07.876649Z  WARN herdr::detect::manifest_update: skipping unknown remote manifest agent agent="muse"
2026-09-11T21:25:07.877806Z  WARN herdr::detect::manifest_update: skipping unknown remote manifest agent agent="qwen"
2026-09-11T21:55:08.480521Z  WARN herdr::detect::manifest_update: skipping unknown remote manifest agent agent="muse"
2026-09-11T21:55:08.482411Z  WARN herdr::detect::manifest_update: skipping unknown remote manifest agent agent="qwen"
2026-09-11T22:25:08.602225Z  WARN herdr::detect::manifest_update: skipping unknown remote manifest agent agent="muse"
2026-09-11T22:25:08.604573Z  WARN herdr::detect::manifest_update: skipping unknown remote manifest agent agent="qwen"
2026-09-11T22:55:07.896061Z  WARN herdr::detect::manifest_update: skipping unknown remote manifest agent agent="muse"
2026-09-11T22:55:07.897008Z  WARN herdr::detect::manifest_update: skipping unknown remote manifest agent agent="qwen"
2026-09-11T23:25:08.597055Z  WARN herdr::detect::manifest_update: skipping unknown remote manifest agent agent="muse"
2026-09-11T23:25:08.599047Z  WARN herdr::detect::manifest_update: skipping unknown remote manifest agent agent="qwen"
2026-09-11T23:55:08.010842Z  WARN herdr::detect::manifest_update: skipping unknown remote manifest agent agent="muse"
2026-09-11T23:55:08.011223Z  WARN herdr::detect::manifest_update: skipping unknown remote manifest agent agent="qwen"
2026-09-12T00:25:08.531234Z  WARN herdr::detect::manifest_update: skipping unknown remote manifest agent agent="muse"
2026-09-12T00:25:08.532862Z  WARN herdr::detect::manifest_update: skipping unknown remote manifest agent agent="qwen"
2026-09-12T00:55:08.141478Z  WARN herdr::detect::manifest_update: skipping unknown remote manifest agent agent="muse"
2026-09-12T00:55:08.143140Z  WARN herdr::detect::manifest_update: skipping unknown remote manifest agent agent="qwen"
2026-09-12T01:25:08.984564Z  WARN herdr::detect::manifest_update: skipping unknown remote manifest agent agent="muse"
2026-09-12T01:25:08.986198Z  WARN herdr::detect::manifest_update: skipping unknown remote manifest agent agent="qwen"
2026-09-12T01:55:07.967738Z  WARN herdr::detect::manifest_update: skipping unknown remote manifest agent agent="muse"
2026-09-12T01:55:07.968710Z  WARN herdr::detect::manifest_update: skipping unknown remote manifest agent agent="qwen"
2026-09-12T02:25:08.004336Z  WARN herdr::detect::manifest_update: skipping unknown remote manifest agent agent="muse"
2026-09-12T02:25:08.006020Z  WARN herdr::detect::manifest_update: skipping unknown remote manifest agent agent="qwen"
2026-09-12T02:55:08.631568Z  WARN herdr::detect::manifest_update: skipping unknown remote manifest agent agent="muse"
2026-09-12T02:55:08.633320Z  WARN herdr::detect::manifest_update: skipping unknown remote manifest agent agent="qwen"
2026-09-12T03:25:08.140136Z  WARN herdr::detect::manifest_update: skipping unknown remote manifest agent agent="muse"
2026-09-12T03:25:08.141197Z  WARN herdr::detect::manifest_update: skipping unknown remote manifest agent agent="qwen"
2026-09-12T03:55:08.676011Z  WARN herdr::detect::manifest_update: skipping unknown remote manifest agent agent="muse"
2026-09-12T03:55:08.676849Z  WARN herdr::detect::manifest_update: skipping unknown remote manifest agent agent="qwen"
2026-09-12T04:25:08.720032Z  WARN herdr::detect::manifest_update: skipping unknown remote manifest agent agent="muse"
2026-09-12T04:25:08.720467Z  WARN herdr::detect::manifest_update: skipping unknown remote manifest agent agent="qwen"
2026-09-12T04:55:08.040224Z  WARN herdr::detect::manifest_update: skipping unknown remote manifest agent agent="muse"
2026-09-12T04:55:08.042151Z  WARN herdr::detect::manifest_update: skipping unknown remote manifest agent agent="qwen"
2026-09-12T05:25:08.148039Z  WARN herdr::detect::manifest_update: skipping unknown remote manifest agent agent="muse"
2026-09-12T05:25:08.149760Z  WARN herdr::detect::manifest_update: skipping unknown remote manifest agent agent="qwen"
2026-09-12T05:55:08.651434Z  WARN herdr::detect::manifest_update: skipping unknown remote manifest agent agent="muse"
2026-09-12T05:55:08.652556Z  WARN herdr::detect::manifest_update: skipping unknown remote manifest agent agent="qwen"
2026-09-12T06:25:08.132713Z  WARN herdr::detect::manifest_update: skipping unknown remote manifest agent agent="muse"
2026-09-12T06:25:08.132828Z  WARN herdr::detect::manifest_update: skipping unknown remote manifest agent agent="qwen"
2026-09-12T06:55:08.610732Z  WARN herdr::detect::manifest_update: skipping unknown remote manifest agent agent="muse"
2026-09-12T06:55:08.612458Z  WARN herdr::detect::manifest_update: skipping unknown remote manifest agent agent="qwen"
2026-09-12T07:25:08.120228Z  WARN herdr::detect::manifest_update: skipping unknown remote manifest agent agent="muse"
2026-09-12T07:25:08.122033Z  WARN herdr::detect::manifest_update: skipping unknown remote manifest agent agent="qwen"
2026-09-12T07:55:08.002308Z  WARN herdr::detect::manifest_update: skipping unknown remote manifest agent agent="muse"
2026-09-12T07:55:08.004129Z  WARN herdr::detect::manifest_update: skipping unknown remote manifest agent agent="qwen"
2026-09-12T08:25:08.026716Z  WARN herdr::detect::manifest_update: skipping unknown remote manifest agent agent="muse"
2026-09-12T08:25:08.028423Z  WARN herdr::detect::manifest_update: skipping unknown remote manifest agent agent="qwen"
2026-09-12T08:55:08.626561Z  WARN herdr::detect::manifest_update: skipping unknown remote manifest agent agent="muse"
2026-09-12T08:55:08.628514Z  WARN herdr::detect::manifest_update: skipping unknown remote manifest agent agent="qwen"
2026-09-12T09:25:08.645255Z  WARN herdr::detect::manifest_update: skipping unknown remote manifest agent agent="muse"
2026-09-12T09:25:08.646159Z  WARN herdr::detect::manifest_update: skipping unknown remote manifest agent agent="qwen"
2026-09-12T09:55:08.614676Z  WARN herdr::detect::manifest_update: skipping unknown remote manifest agent agent="muse"
2026-09-12T09:55:08.616503Z  WARN herdr::detect::manifest_update: skipping unknown remote manifest agent agent="qwen"
2026-09-12T10:25:08.634542Z  WARN herdr::detect::manifest_update: skipping unknown remote manifest agent agent="muse"
2026-09-12T10:25:08.635106Z  WARN herdr::detect::manifest_update: skipping unknown remote manifest agent agent="qwen"
2026-09-12T22:12:58.572657Z  WARN herdr::detect::manifest_update: skipping unknown remote manifest agent agent="muse"
2026-09-12T22:12:58.573345Z  WARN herdr::detect::manifest_update: skipping unknown remote manifest agent agent="qwen"
2026-09-13T10:42:23.628286Z  WARN herdr::detect::manifest_update: skipping unknown remote manifest agent agent="muse"
2026-09-13T10:42:23.629909Z  WARN herdr::detect::manifest_update: skipping unknown remote manifest agent agent="qwen"
2026-09-13T10:43:56.998675Z  WARN herdr::detect::manifest_update: agent detection manifest update failed for agent agent="agy" error=fetch failed: failed to fetch https://herdr.dev/agent-detection/antigravity.toml
2026-09-13T11:02:28.965872Z  WARN herdr::detect::manifest_update: agent detection manifest update failed for agent agent="kilo" error=fetch failed: failed to fetch https://herdr.dev/agent-detection/kilo.toml
2026-09-13T19:39:17.431620Z  WARN herdr::detect::manifest_update: skipping unknown remote manifest agent agent="letta"
2026-09-13T19:39:17.433051Z  WARN herdr::detect::manifest_update: skipping unknown remote manifest agent agent="muse"
2026-09-13T19:39:17.433069Z  WARN herdr::detect::manifest_update: skipping unknown remote manifest agent agent="qwen"
2026-09-13T19:57:20.535154Z  WARN herdr::detect::manifest_update: agent detection manifest update failed for agent agent="gemini" error=fetch failed: failed to fetch https://herdr.dev/agent-detection/gemini.toml
2026-09-14T07:05:32.124824Z  WARN herdr::detect::manifest_update: skipping unknown remote manifest agent agent="letta"
2026-09-14T07:05:32.126692Z  WARN herdr::detect::manifest_update: skipping unknown remote manifest agent agent="muse"
2026-09-14T07:05:32.126715Z  WARN herdr::detect::manifest_update: skipping unknown remote manifest agent agent="qwen"
2026-09-14T07:24:14.850830Z  WARN herdr::detect::manifest_update: agent detection manifest update failed for agent agent="droid" error=fetch failed: failed to fetch https://herdr.dev/agent-detection/droid.toml
2026-09-14T07:43:48.593203Z  WARN herdr::detect::manifest_update: agent detection manifest update failed for agent agent="pi" error=fetch failed: failed to fetch https://herdr.dev/agent-detection/pi.toml
2026-09-14T10:33:12.364833Z  WARN herdr::detect::manifest_update: skipping unknown remote manifest agent agent="letta"
2026-09-14T10:33:12.365689Z  WARN herdr::detect::manifest_update: skipping unknown remote manifest agent agent="muse"
2026-09-14T10:33:12.365713Z  WARN herdr::detect::manifest_update: skipping unknown remote manifest agent agent="qwen"
2026-09-14T11:03:12.310381Z  WARN herdr::detect::manifest_update: skipping unknown remote manifest agent agent="letta"
2026-09-14T11:03:12.312254Z  WARN herdr::detect::manifest_update: skipping unknown remote manifest agent agent="muse"
2026-09-14T11:03:12.312280Z  WARN herdr::detect::manifest_update: skipping unknown remote manifest agent agent="qwen"
2026-09-14T11:33:13.508028Z  WARN herdr::detect::manifest_update: skipping unknown remote manifest agent agent="letta"
2026-09-14T11:33:13.509583Z  WARN herdr::detect::manifest_update: skipping unknown remote manifest agent agent="muse"
2026-09-14T11:33:13.509624Z  WARN herdr::detect::manifest_update: skipping unknown remote manifest agent agent="qwen"
2026-09-14T12:03:13.097838Z  WARN herdr::detect::manifest_update: skipping unknown remote manifest agent agent="letta"
2026-09-14T12:03:13.098758Z  WARN herdr::detect::manifest_update: skipping unknown remote manifest agent agent="muse"
2026-09-14T12:03:13.098790Z  WARN herdr::detect::manifest_update: skipping unknown remote manifest agent agent="qwen"
2026-09-14T12:33:13.219413Z  WARN herdr::detect::manifest_update: skipping unknown remote manifest agent agent="letta"
2026-09-14T12:33:13.221271Z  WARN herdr::detect::manifest_update: skipping unknown remote manifest agent agent="muse"
2026-09-14T12:33:13.221301Z  WARN herdr::detect::manifest_update: skipping unknown remote manifest agent agent="qwen"
2026-09-14T13:05:18.340798Z  WARN herdr::detect::manifest_update: skipping unknown remote manifest agent agent="letta"
2026-09-14T13:05:18.341868Z  WARN herdr::detect::manifest_update: skipping unknown remote manifest agent agent="muse"
2026-09-14T13:05:18.341894Z  WARN herdr::detect::manifest_update: skipping unknown remote manifest agent agent="qwen"
2026-09-14T13:45:15.934753Z  WARN herdr::detect::manifest_update: skipping unknown remote manifest agent agent="letta"
2026-09-14T13:45:15.936429Z  WARN herdr::detect::manifest_update: skipping unknown remote manifest agent agent="muse"
2026-09-14T13:45:15.936450Z  WARN herdr::detect::manifest_update: skipping unknown remote manifest agent agent="qwen"
2026-09-14T14:15:16.462172Z  WARN herdr::detect::manifest_update: skipping unknown remote manifest agent agent="letta"
2026-09-14T14:15:16.463404Z  WARN herdr::detect::manifest_update: skipping unknown remote manifest agent agent="muse"
2026-09-14T14:15:16.463424Z  WARN herdr::detect::manifest_update: skipping unknown remote manifest agent agent="qwen"
2026-09-14T14:45:16.177099Z  WARN herdr::detect::manifest_update: skipping unknown remote manifest agent agent="letta"
2026-09-14T14:45:16.178700Z  WARN herdr::detect::manifest_update: skipping unknown remote manifest agent agent="muse"
2026-09-14T14:45:16.178720Z  WARN herdr::detect::manifest_update: skipping unknown remote manifest agent agent="qwen"
2026-09-14T15:15:16.159741Z  WARN herdr::detect::manifest_update: skipping unknown remote manifest agent agent="letta"
2026-09-14T15:15:16.161349Z  WARN herdr::detect::manifest_update: skipping unknown remote manifest agent agent="muse"
2026-09-14T15:15:16.161378Z  WARN herdr::detect::manifest_update: skipping unknown remote manifest agent agent="qwen"
2026-09-14T15:45:15.940494Z  WARN herdr::detect::manifest_update: skipping unknown remote manifest agent agent="letta"
2026-09-14T15:45:15.941295Z  WARN herdr::detect::manifest_update: skipping unknown remote manifest agent agent="muse"
2026-09-14T15:45:15.941334Z  WARN herdr::detect::manifest_update: skipping unknown remote manifest agent agent="qwen"
2026-09-14T16:15:16.175947Z  WARN herdr::detect::manifest_update: skipping unknown remote manifest agent agent="letta"
2026-09-14T16:15:16.176569Z  WARN herdr::detect::manifest_update: skipping unknown remote manifest agent agent="muse"
2026-09-14T16:15:16.176593Z  WARN herdr::detect::manifest_update: skipping unknown remote manifest agent agent="qwen"
2026-09-14T16:45:15.971241Z  WARN herdr::detect::manifest_update: skipping unknown remote manifest agent agent="letta"
2026-09-14T16:45:15.972908Z  WARN herdr::detect::manifest_update: skipping unknown remote manifest agent agent="muse"
2026-09-14T16:45:15.972938Z  WARN herdr::detect::manifest_update: skipping unknown remote manifest agent agent="qwen"
2026-09-14T17:15:16.988479Z  WARN herdr::detect::manifest_update: skipping unknown remote manifest agent agent="letta"
2026-09-14T17:15:16.988982Z  WARN herdr::detect::manifest_update: skipping unknown remote manifest agent agent="muse"
2026-09-14T17:15:16.989027Z  WARN herdr::detect::manifest_update: skipping unknown remote manifest agent agent="qwen"
2026-09-14T17:45:16.861926Z  WARN herdr::detect::manifest_update: skipping unknown remote manifest agent agent="letta"
2026-09-14T17:45:16.863735Z  WARN herdr::detect::manifest_update: skipping unknown remote manifest agent agent="muse"
2026-09-14T17:45:16.863775Z  WARN herdr::detect::manifest_update: skipping unknown remote manifest agent agent="qwen"
2026-09-14T18:15:15.955728Z  WARN herdr::detect::manifest_update: skipping unknown remote manifest agent agent="letta"
2026-09-14T18:15:15.957513Z  WARN herdr::detect::manifest_update: skipping unknown remote manifest agent agent="muse"
2026-09-14T18:15:15.957526Z  WARN herdr::detect::manifest_update: skipping unknown remote manifest agent agent="qwen"
2026-09-14T18:45:16.514416Z  WARN herdr::detect::manifest_update: skipping unknown remote manifest agent agent="letta"
2026-09-14T18:45:16.516382Z  WARN herdr::detect::manifest_update: skipping unknown remote manifest agent agent="muse"
2026-09-14T18:45:16.516440Z  WARN herdr::detect::manifest_update: skipping unknown remote manifest agent agent="qwen"
2026-09-14T19:15:16.736464Z  WARN herdr::detect::manifest_update: skipping unknown remote manifest agent agent="letta"
2026-09-14T19:15:16.738528Z  WARN herdr::detect::manifest_update: skipping unknown remote manifest agent agent="muse"
2026-09-14T19:15:16.738549Z  WARN herdr::detect::manifest_update: skipping unknown remote manifest agent agent="qwen"
2026-09-14T19:45:16.836658Z  WARN herdr::detect::manifest_update: skipping unknown remote manifest agent agent="letta"
2026-09-14T19:45:16.838378Z  WARN herdr::detect::manifest_update: skipping unknown remote manifest agent agent="muse"
2026-09-14T19:45:16.838395Z  WARN herdr::detect::manifest_update: skipping unknown remote manifest agent agent="qwen"
2026-09-14T20:15:16.625631Z  WARN herdr::detect::manifest_update: skipping unknown remote manifest agent agent="letta"
2026-09-14T20:15:16.626759Z  WARN herdr::detect::manifest_update: skipping unknown remote manifest agent agent="muse"
2026-09-14T20:15:16.626780Z  WARN herdr::detect::manifest_update: skipping unknown remote manifest agent agent="qwen"
2026-09-14T20:45:17.005701Z  WARN herdr::detect::manifest_update: skipping unknown remote manifest agent agent="letta"
2026-09-14T20:45:17.006960Z  WARN herdr::detect::manifest_update: skipping unknown remote manifest agent agent="muse"
2026-09-14T20:45:17.006981Z  WARN herdr::detect::manifest_update: skipping unknown remote manifest agent agent="qwen"
2026-09-14T21:15:18.949145Z  WARN herdr::detect::manifest_update: skipping unknown remote manifest agent agent="letta"
2026-09-14T21:15:18.950209Z  WARN herdr::detect::manifest_update: skipping unknown remote manifest agent agent="muse"
2026-09-14T21:15:18.950226Z  WARN herdr::detect::manifest_update: skipping unknown remote manifest agent agent="qwen"
2026-09-14T21:45:16.026848Z  WARN herdr::detect::manifest_update: skipping unknown remote manifest agent agent="letta"
2026-09-14T21:45:16.027673Z  WARN herdr::detect::manifest_update: skipping unknown remote manifest agent agent="muse"
2026-09-14T21:45:16.027704Z  WARN herdr::detect::manifest_update: skipping unknown remote manifest agent agent="qwen"
2026-09-14T22:15:16.067861Z  WARN herdr::detect::manifest_update: skipping unknown remote manifest agent agent="letta"
2026-09-14T22:15:16.069711Z  WARN herdr::detect::manifest_update: skipping unknown remote manifest agent agent="muse"
2026-09-14T22:15:16.069735Z  WARN herdr::detect::manifest_update: skipping unknown remote manifest agent agent="qwen"
2026-09-14T22:45:16.137606Z  WARN herdr::detect::manifest_update: skipping unknown remote manifest agent agent="letta"
2026-09-14T22:45:16.139265Z  WARN herdr::detect::manifest_update: skipping unknown remote manifest agent agent="muse"
2026-09-14T22:45:16.139316Z  WARN herdr::detect::manifest_update: skipping unknown remote manifest agent agent="qwen"
2026-09-14T23:15:16.054582Z  WARN herdr::detect::manifest_update: skipping unknown remote manifest agent agent="letta"
2026-09-14T23:15:16.056132Z  WARN herdr::detect::manifest_update: skipping unknown remote manifest agent agent="muse"
2026-09-14T23:15:16.056150Z  WARN herdr::detect::manifest_update: skipping unknown remote manifest agent agent="qwen"
2026-09-14T23:45:16.100461Z  WARN herdr::detect::manifest_update: skipping unknown remote manifest agent agent="letta"
2026-09-14T23:45:16.101195Z  WARN herdr::detect::manifest_update: skipping unknown remote manifest agent agent="muse"
2026-09-14T23:45:16.101206Z  WARN herdr::detect::manifest_update: skipping unknown remote manifest agent agent="qwen"
2026-09-15T00:15:16.079678Z  WARN herdr::detect::manifest_update: skipping unknown remote manifest agent agent="letta"
2026-09-15T00:15:16.081134Z  WARN herdr::detect::manifest_update: skipping unknown remote manifest agent agent="muse"
2026-09-15T00:15:16.081155Z  WARN herdr::detect::manifest_update: skipping unknown remote manifest agent agent="qwen"
2026-09-15T00:45:16.615139Z  WARN herdr::detect::manifest_update: skipping unknown remote manifest agent agent="letta"
2026-09-15T00:45:16.617039Z  WARN herdr::detect::manifest_update: skipping unknown remote manifest agent agent="muse"
2026-09-15T00:45:16.617069Z  WARN herdr::detect::manifest_update: skipping unknown remote manifest agent agent="qwen"
2026-09-15T01:15:16.576620Z  WARN herdr::detect::manifest_update: skipping unknown remote manifest agent agent="letta"
2026-09-15T01:15:16.577910Z  WARN herdr::detect::manifest_update: skipping unknown remote manifest agent agent="muse"
2026-09-15T01:15:16.577934Z  WARN herdr::detect::manifest_update: skipping unknown remote manifest agent agent="qwen"
2026-09-15T01:45:16.939330Z  WARN herdr::detect::manifest_update: skipping unknown remote manifest agent agent="letta"
2026-09-15T01:45:16.941239Z  WARN herdr::detect::manifest_update: skipping unknown remote manifest agent agent="muse"
2026-09-15T01:45:16.941271Z  WARN herdr::detect::manifest_update: skipping unknown remote manifest agent agent="qwen"
2026-09-15T02:15:16.102030Z  WARN herdr::detect::manifest_update: skipping unknown remote manifest agent agent="letta"
2026-09-15T02:15:16.103514Z  WARN herdr::detect::manifest_update: skipping unknown remote manifest agent agent="muse"
2026-09-15T02:15:16.103559Z  WARN herdr::detect::manifest_update: skipping unknown remote manifest agent agent="qwen"
2026-09-15T02:45:16.827115Z  WARN herdr::detect::manifest_update: skipping unknown remote manifest agent agent="letta"
2026-09-15T02:45:16.829300Z  WARN herdr::detect::manifest_update: skipping unknown remote manifest agent agent="muse"
2026-09-15T02:45:16.829339Z  WARN herdr::detect::manifest_update: skipping unknown remote manifest agent agent="qwen"
2026-09-15T03:15:16.081902Z  WARN herdr::detect::manifest_update: skipping unknown remote manifest agent agent="letta"
2026-09-15T03:15:16.083904Z  WARN herdr::detect::manifest_update: skipping unknown remote manifest agent agent="muse"
2026-09-15T03:15:16.083930Z  WARN herdr::detect::manifest_update: skipping unknown remote manifest agent agent="qwen"
2026-09-15T03:45:16.110753Z  WARN herdr::detect::manifest_update: skipping unknown remote manifest agent agent="letta"
2026-09-15T03:45:16.112703Z  WARN herdr::detect::manifest_update: skipping unknown remote manifest agent agent="muse"
2026-09-15T03:45:16.112729Z  WARN herdr::detect::manifest_update: skipping unknown remote manifest agent agent="qwen"
2026-09-15T04:15:16.240065Z  WARN herdr::detect::manifest_update: skipping unknown remote manifest agent agent="letta"
2026-09-15T04:15:16.242053Z  WARN herdr::detect::manifest_update: skipping unknown remote manifest agent agent="muse"
2026-09-15T04:15:16.242124Z  WARN herdr::detect::manifest_update: skipping unknown remote manifest agent agent="qwen"
2026-09-15T04:45:16.332524Z  WARN herdr::detect::manifest_update: skipping unknown remote manifest agent agent="letta"
2026-09-15T04:45:16.334585Z  WARN herdr::detect::manifest_update: skipping unknown remote manifest agent agent="muse"
2026-09-15T04:45:16.334614Z  WARN herdr::detect::manifest_update: skipping unknown remote manifest agent agent="qwen"
2026-09-15T05:15:17.714743Z  WARN herdr::detect::manifest_update: skipping unknown remote manifest agent agent="letta"
2026-09-15T05:15:17.716176Z  WARN herdr::detect::manifest_update: skipping unknown remote manifest agent agent="muse"
2026-09-15T05:15:17.716218Z  WARN herdr::detect::manifest_update: skipping unknown remote manifest agent agent="qwen"
2026-09-15T05:45:16.763760Z  WARN herdr::detect::manifest_update: skipping unknown remote manifest agent agent="letta"
2026-09-15T05:45:16.765465Z  WARN herdr::detect::manifest_update: skipping unknown remote manifest agent agent="muse"
2026-09-15T05:45:16.765490Z  WARN herdr::detect::manifest_update: skipping unknown remote manifest agent agent="qwen"
2026-09-15T06:15:16.699649Z  WARN herdr::detect::manifest_update: skipping unknown remote manifest agent agent="letta"
2026-09-15T06:15:16.701742Z  WARN herdr::detect::manifest_update: skipping unknown remote manifest agent agent="muse"
2026-09-15T06:15:16.701779Z  WARN herdr::detect::manifest_update: skipping unknown remote manifest agent agent="qwen"
2026-09-15T06:45:16.255174Z  WARN herdr::detect::manifest_update: skipping unknown remote manifest agent agent="letta"
2026-09-15T06:45:16.255843Z  WARN herdr::detect::manifest_update: skipping unknown remote manifest agent agent="muse"
2026-09-15T06:45:16.255852Z  WARN herdr::detect::manifest_update: skipping unknown remote manifest agent agent="qwen"
2026-09-15T07:15:17.117452Z  WARN herdr::detect::manifest_update: skipping unknown remote manifest agent agent="letta"
2026-09-15T07:15:17.119063Z  WARN herdr::detect::manifest_update: skipping unknown remote manifest agent agent="muse"
2026-09-15T07:15:17.119086Z  WARN herdr::detect::manifest_update: skipping unknown remote manifest agent agent="qwen"
2026-09-15T07:45:16.215684Z  WARN herdr::detect::manifest_update: skipping unknown remote manifest agent agent="letta"
2026-09-15T07:45:16.216288Z  WARN herdr::detect::manifest_update: skipping unknown remote manifest agent agent="muse"
2026-09-15T07:45:16.216296Z  WARN herdr::detect::manifest_update: skipping unknown remote manifest agent agent="qwen"
2026-09-15T08:15:16.680046Z  WARN herdr::detect::manifest_update: skipping unknown remote manifest agent agent="letta"
2026-09-15T08:15:16.681159Z  WARN herdr::detect::manifest_update: skipping unknown remote manifest agent agent="muse"
2026-09-15T08:15:16.681203Z  WARN herdr::detect::manifest_update: skipping unknown remote manifest agent agent="qwen"
2026-09-15T08:45:16.715995Z  WARN herdr::detect::manifest_update: skipping unknown remote manifest agent agent="letta"
2026-09-15T08:45:16.717162Z  WARN herdr::detect::manifest_update: skipping unknown remote manifest agent agent="muse"
2026-09-15T08:45:16.717175Z  WARN herdr::detect::manifest_update: skipping unknown remote manifest agent agent="qwen"
2026-09-15T09:15:16.892974Z  WARN herdr::detect::manifest_update: skipping unknown remote manifest agent agent="letta"
2026-09-15T09:15:16.894646Z  WARN herdr::detect::manifest_update: skipping unknown remote manifest agent agent="muse"
2026-09-15T09:15:16.894693Z  WARN herdr::detect::manifest_update: skipping unknown remote manifest agent agent="qwen"
2026-09-15T09:45:17.617568Z  WARN herdr::detect::manifest_update: skipping unknown remote manifest agent agent="letta"
2026-09-15T09:45:17.618671Z  WARN herdr::detect::manifest_update: skipping unknown remote manifest agent agent="muse"
2026-09-15T09:45:17.618701Z  WARN herdr::detect::manifest_update: skipping unknown remote manifest agent agent="qwen"
2026-09-15T10:15:16.768884Z  WARN herdr::detect::manifest_update: skipping unknown remote manifest agent agent="letta"
2026-09-15T10:15:16.769042Z  WARN herdr::detect::manifest_update: skipping unknown remote manifest agent agent="muse"
2026-09-15T10:15:16.769062Z  WARN herdr::detect::manifest_update: skipping unknown remote manifest agent agent="qwen"
2026-09-15T10:45:16.177276Z  WARN herdr::detect::manifest_update: skipping unknown remote manifest agent agent="letta"
2026-09-15T10:45:16.178250Z  WARN herdr::detect::manifest_update: skipping unknown remote manifest agent agent="muse"
2026-09-15T10:45:16.178286Z  WARN herdr::detect::manifest_update: skipping unknown remote manifest agent agent="qwen"
2026-09-15T11:15:16.449497Z  WARN herdr::detect::manifest_update: skipping unknown remote manifest agent agent="letta"
2026-09-15T11:15:16.450078Z  WARN herdr::detect::manifest_update: skipping unknown remote manifest agent agent="muse"
2026-09-15T11:15:16.450087Z  WARN herdr::detect::manifest_update: skipping unknown remote manifest agent agent="qwen"
2026-09-15T11:45:16.250767Z  WARN herdr::detect::manifest_update: skipping unknown remote manifest agent agent="letta"
2026-09-15T11:45:16.252501Z  WARN herdr::detect::manifest_update: skipping unknown remote manifest agent agent="muse"
2026-09-15T11:45:16.252530Z  WARN herdr::detect::manifest_update: skipping unknown remote manifest agent agent="qwen"
2026-09-15T12:15:16.035179Z  WARN herdr::detect::manifest_update: skipping unknown remote manifest agent agent="letta"
2026-09-15T12:15:16.036655Z  WARN herdr::detect::manifest_update: skipping unknown remote manifest agent agent="muse"
2026-09-15T12:15:16.036674Z  WARN herdr::detect::manifest_update: skipping unknown remote manifest agent agent="qwen"
2026-09-15T12:45:16.656613Z  WARN herdr::detect::manifest_update: skipping unknown remote manifest agent agent="letta"
2026-09-15T12:45:16.657770Z  WARN herdr::detect::manifest_update: skipping unknown remote manifest agent agent="muse"
2026-09-15T12:45:16.657801Z  WARN herdr::detect::manifest_update: skipping unknown remote manifest agent agent="qwen"
2026-09-15T13:15:17.053956Z  WARN herdr::detect::manifest_update: skipping unknown remote manifest agent agent="letta"
2026-09-15T13:15:17.055501Z  WARN herdr::detect::manifest_update: skipping unknown remote manifest agent agent="muse"
2026-09-15T13:15:17.055511Z  WARN herdr::detect::manifest_update: skipping unknown remote manifest agent agent="qwen"
2026-09-15T13:45:16.519159Z  WARN herdr::detect::manifest_update: skipping unknown remote manifest agent agent="letta"
2026-09-15T13:45:16.519903Z  WARN herdr::detect::manifest_update: skipping unknown remote manifest agent agent="muse"
2026-09-15T13:45:16.519918Z  WARN herdr::detect::manifest_update: skipping unknown remote manifest agent agent="qwen"
2026-09-15T14:15:16.885029Z  WARN herdr::detect::manifest_update: skipping unknown remote manifest agent agent="letta"
2026-09-15T14:15:16.886158Z  WARN herdr::detect::manifest_update: skipping unknown remote manifest agent agent="muse"
2026-09-15T14:15:16.886174Z  WARN herdr::detect::manifest_update: skipping unknown remote manifest agent agent="qwen"
2026-09-15T14:45:16.888941Z  WARN herdr::detect::manifest_update: skipping unknown remote manifest agent agent="letta"
2026-09-15T14:45:16.891247Z  WARN herdr::detect::manifest_update: skipping unknown remote manifest agent agent="muse"
2026-09-15T14:45:16.891294Z  WARN herdr::detect::manifest_update: skipping unknown remote manifest agent agent="qwen"
2026-09-15T15:15:16.841149Z  WARN herdr::detect::manifest_update: skipping unknown remote manifest agent agent="letta"
2026-09-15T15:15:16.842856Z  WARN herdr::detect::manifest_update: skipping unknown remote manifest agent agent="muse"
2026-09-15T15:15:16.842868Z  WARN herdr::detect::manifest_update: skipping unknown remote manifest agent agent="qwen"
2026-09-15T15:45:16.691931Z  WARN herdr::detect::manifest_update: skipping unknown remote manifest agent agent="letta"
2026-09-15T15:45:16.694126Z  WARN herdr::detect::manifest_update: skipping unknown remote manifest agent agent="muse"
2026-09-15T15:45:16.694156Z  WARN herdr::detect::manifest_update: skipping unknown remote manifest agent agent="qwen"
2026-09-15T16:15:16.765683Z  WARN herdr::detect::manifest_update: skipping unknown remote manifest agent agent="letta"
2026-09-15T16:15:16.766644Z  WARN herdr::detect::manifest_update: skipping unknown remote manifest agent agent="muse"
2026-09-15T16:15:16.766674Z  WARN herdr::detect::manifest_update: skipping unknown remote manifest agent agent="qwen"
2026-09-15T16:45:16.241149Z  WARN herdr::detect::manifest_update: skipping unknown remote manifest agent agent="letta"
2026-09-15T16:45:16.243423Z  WARN herdr::detect::manifest_update: skipping unknown remote manifest agent agent="muse"
2026-09-15T16:45:16.243466Z  WARN herdr::detect::manifest_update: skipping unknown remote manifest agent agent="qwen"
2026-09-15T17:15:16.417867Z  WARN herdr::detect::manifest_update: skipping unknown remote manifest agent agent="letta"
2026-09-15T17:15:16.419787Z  WARN herdr::detect::manifest_update: skipping unknown remote manifest agent agent="muse"
2026-09-15T17:15:16.419807Z  WARN herdr::detect::manifest_update: skipping unknown remote manifest agent agent="qwen"
2026-09-15T17:45:16.294007Z  WARN herdr::detect::manifest_update: skipping unknown remote manifest agent agent="letta"
2026-09-15T17:45:16.295576Z  WARN herdr::detect::manifest_update: skipping unknown remote manifest agent agent="muse"
2026-09-15T17:45:16.295597Z  WARN herdr::detect::manifest_update: skipping unknown remote manifest agent agent="qwen"
2026-09-15T18:15:16.914422Z  WARN herdr::detect::manifest_update: skipping unknown remote manifest agent agent="letta"
2026-09-15T18:15:16.916073Z  WARN herdr::detect::manifest_update: skipping unknown remote manifest agent agent="muse"
2026-09-15T18:15:16.916090Z  WARN herdr::detect::manifest_update: skipping unknown remote manifest agent agent="qwen"
2026-09-15T18:45:16.284208Z  WARN herdr::detect::manifest_update: skipping unknown remote manifest agent agent="letta"
2026-09-15T18:45:16.285055Z  WARN herdr::detect::manifest_update: skipping unknown remote manifest agent agent="muse"
2026-09-15T18:45:16.285065Z  WARN herdr::detect::manifest_update: skipping unknown remote manifest agent agent="qwen"
2026-09-15T19:15:16.479925Z  WARN herdr::detect::manifest_update: skipping unknown remote manifest agent agent="letta"
2026-09-15T19:15:16.481723Z  WARN herdr::detect::manifest_update: skipping unknown remote manifest agent agent="muse"
2026-09-15T19:15:16.481762Z  WARN herdr::detect::manifest_update: skipping unknown remote manifest agent agent="qwen"
2026-09-15T19:45:16.355337Z  WARN herdr::detect::manifest_update: skipping unknown remote manifest agent agent="letta"
2026-09-15T19:45:16.357193Z  WARN herdr::detect::manifest_update: skipping unknown remote manifest agent agent="muse"
2026-09-15T19:45:16.357218Z  WARN herdr::detect::manifest_update: skipping unknown remote manifest agent agent="qwen"
2026-09-15T20:16:37.376559Z  WARN herdr::detect::manifest_update: skipping unknown remote manifest agent agent="letta"
2026-09-15T20:16:37.377818Z  WARN herdr::detect::manifest_update: skipping unknown remote manifest agent agent="muse"
2026-09-15T20:16:37.377848Z  WARN herdr::detect::manifest_update: skipping unknown remote manifest agent agent="qwen"
2026-09-15T20:46:36.793583Z  WARN herdr::detect::manifest_update: skipping unknown remote manifest agent agent="letta"
2026-09-15T20:46:36.794613Z  WARN herdr::detect::manifest_update: skipping unknown remote manifest agent agent="muse"
2026-09-15T20:46:36.794674Z  WARN herdr::detect::manifest_update: skipping unknown remote manifest agent agent="qwen"
2026-09-15T21:16:36.148375Z  WARN herdr::detect::manifest_update: skipping unknown remote manifest agent agent="letta"
2026-09-15T21:16:36.149861Z  WARN herdr::detect::manifest_update: skipping unknown remote manifest agent agent="muse"
2026-09-15T21:16:36.149898Z  WARN herdr::detect::manifest_update: skipping unknown remote manifest agent agent="qwen"
2026-09-15T21:46:36.950834Z  WARN herdr::detect::manifest_update: skipping unknown remote manifest agent agent="letta"
2026-09-15T21:46:36.950959Z  WARN herdr::detect::manifest_update: skipping unknown remote manifest agent agent="muse"
2026-09-15T21:46:36.950985Z  WARN herdr::detect::manifest_update: skipping unknown remote manifest agent agent="qwen"
2026-09-15T22:16:36.998663Z  WARN herdr::detect::manifest_update: skipping unknown remote manifest agent agent="letta"
2026-09-15T22:16:37.000750Z  WARN herdr::detect::manifest_update: skipping unknown remote manifest agent agent="muse"
2026-09-15T22:16:37.000788Z  WARN herdr::detect::manifest_update: skipping unknown remote manifest agent agent="qwen"
2026-09-15T22:46:36.099207Z  WARN herdr::detect::manifest_update: skipping unknown remote manifest agent agent="letta"
2026-09-15T22:46:36.099331Z  WARN herdr::detect::manifest_update: skipping unknown remote manifest agent agent="muse"
2026-09-15T22:46:36.099359Z  WARN herdr::detect::manifest_update: skipping unknown remote manifest agent agent="qwen"
2026-09-15T23:16:36.880701Z  WARN herdr::detect::manifest_update: skipping unknown remote manifest agent agent="letta"
2026-09-15T23:16:36.883141Z  WARN herdr::detect::manifest_update: skipping unknown remote manifest agent agent="muse"
2026-09-15T23:16:36.883185Z  WARN herdr::detect::manifest_update: skipping unknown remote manifest agent agent="qwen"
2026-09-15T23:46:37.255643Z  WARN herdr::detect::manifest_update: skipping unknown remote manifest agent agent="letta"
2026-09-15T23:46:37.257971Z  WARN herdr::detect::manifest_update: skipping unknown remote manifest agent agent="muse"
2026-09-15T23:46:37.258007Z  WARN herdr::detect::manifest_update: skipping unknown remote manifest agent agent="qwen"
2026-09-16T00:16:36.864527Z  WARN herdr::detect::manifest_update: skipping unknown remote manifest agent agent="letta"
2026-09-16T00:16:36.864683Z  WARN herdr::detect::manifest_update: skipping unknown remote manifest agent agent="muse"
2026-09-16T00:16:36.864716Z  WARN herdr::detect::manifest_update: skipping unknown remote manifest agent agent="qwen"
2026-09-16T00:46:37.323273Z  WARN herdr::detect::manifest_update: skipping unknown remote manifest agent agent="letta"
2026-09-16T00:46:37.325744Z  WARN herdr::detect::manifest_update: skipping unknown remote manifest agent agent="muse"
2026-09-16T00:46:37.325783Z  WARN herdr::detect::manifest_update: skipping unknown remote manifest agent agent="qwen"
2026-09-16T01:16:36.931480Z  WARN herdr::detect::manifest_update: skipping unknown remote manifest agent agent="letta"
2026-09-16T01:16:36.931611Z  WARN herdr::detect::manifest_update: skipping unknown remote manifest agent agent="muse"
2026-09-16T01:16:36.931640Z  WARN herdr::detect::manifest_update: skipping unknown remote manifest agent agent="qwen"
2026-09-16T01:46:36.933568Z  WARN herdr::detect::manifest_update: skipping unknown remote manifest agent agent="letta"
2026-09-16T01:46:36.933703Z  WARN herdr::detect::manifest_update: skipping unknown remote manifest agent agent="muse"
2026-09-16T01:46:36.933729Z  WARN herdr::detect::manifest_update: skipping unknown remote manifest agent agent="qwen"
2026-09-16T02:16:36.131900Z  WARN herdr::detect::manifest_update: skipping unknown remote manifest agent agent="letta"
2026-09-16T02:16:36.133884Z  WARN herdr::detect::manifest_update: skipping unknown remote manifest agent agent="muse"
2026-09-16T02:16:36.133914Z  WARN herdr::detect::manifest_update: skipping unknown remote manifest agent agent="qwen"
2026-09-16T02:46:36.145995Z  WARN herdr::detect::manifest_update: skipping unknown remote manifest agent agent="letta"
2026-09-16T02:46:36.147716Z  WARN herdr::detect::manifest_update: skipping unknown remote manifest agent agent="muse"
2026-09-16T02:46:36.147759Z  WARN herdr::detect::manifest_update: skipping unknown remote manifest agent agent="qwen"
2026-09-16T03:16:36.339670Z  WARN herdr::detect::manifest_update: skipping unknown remote manifest agent agent="letta"
2026-09-16T03:16:36.341187Z  WARN herdr::detect::manifest_update: skipping unknown remote manifest agent agent="muse"
2026-09-16T03:16:36.341216Z  WARN herdr::detect::manifest_update: skipping unknown remote manifest agent agent="qwen"
2026-09-16T03:46:36.806877Z  WARN herdr::detect::manifest_update: skipping unknown remote manifest agent agent="letta"
2026-09-16T03:46:36.809351Z  WARN herdr::detect::manifest_update: skipping unknown remote manifest agent agent="muse"
2026-09-16T03:46:36.809400Z  WARN herdr::detect::manifest_update: skipping unknown remote manifest agent agent="qwen"
2026-09-16T04:16:36.374782Z  WARN herdr::detect::manifest_update: skipping unknown remote manifest agent agent="letta"
2026-09-16T04:16:36.374912Z  WARN herdr::detect::manifest_update: skipping unknown remote manifest agent agent="muse"
2026-09-16T04:16:36.374941Z  WARN herdr::detect::manifest_update: skipping unknown remote manifest agent agent="qwen"
2026-09-16T04:46:36.198353Z  WARN herdr::detect::manifest_update: skipping unknown remote manifest agent agent="letta"
2026-09-16T04:46:36.198488Z  WARN herdr::detect::manifest_update: skipping unknown remote manifest agent agent="muse"
2026-09-16T04:46:36.198516Z  WARN herdr::detect::manifest_update: skipping unknown remote manifest agent agent="qwen"
2026-09-16T05:16:36.470336Z  WARN herdr::detect::manifest_update: skipping unknown remote manifest agent agent="letta"
2026-09-16T05:16:36.472162Z  WARN herdr::detect::manifest_update: skipping unknown remote manifest agent agent="muse"
2026-09-16T05:16:36.472215Z  WARN herdr::detect::manifest_update: skipping unknown remote manifest agent agent="qwen"
2026-09-16T05:46:36.851799Z  WARN herdr::detect::manifest_update: skipping unknown remote manifest agent agent="letta"
2026-09-16T05:46:36.853890Z  WARN herdr::detect::manifest_update: skipping unknown remote manifest agent agent="muse"
2026-09-16T05:46:36.853927Z  WARN herdr::detect::manifest_update: skipping unknown remote manifest agent agent="qwen"
2026-09-16T06:16:36.847448Z  WARN herdr::detect::manifest_update: skipping unknown remote manifest agent agent="letta"
2026-09-16T06:16:36.847926Z  WARN herdr::detect::manifest_update: skipping unknown remote manifest agent agent="muse"
2026-09-16T06:16:36.847965Z  WARN herdr::detect::manifest_update: skipping unknown remote manifest agent agent="qwen"
2026-09-16T06:47:01.671526Z  WARN herdr::detect::manifest_update: skipping unknown remote manifest agent agent="letta"
2026-09-16T06:47:01.673308Z  WARN herdr::detect::manifest_update: skipping unknown remote manifest agent agent="muse"
2026-09-16T06:47:01.673340Z  WARN herdr::detect::manifest_update: skipping unknown remote manifest agent agent="qwen"
2026-09-16T07:17:01.488400Z  WARN herdr::detect::manifest_update: skipping unknown remote manifest agent agent="letta"
2026-09-16T07:17:01.489873Z  WARN herdr::detect::manifest_update: skipping unknown remote manifest agent agent="muse"
2026-09-16T07:17:01.489923Z  WARN herdr::detect::manifest_update: skipping unknown remote manifest agent agent="qwen"
2026-09-16T07:47:01.723031Z  WARN herdr::detect::manifest_update: skipping unknown remote manifest agent agent="letta"
2026-09-16T07:47:01.725028Z  WARN herdr::detect::manifest_update: skipping unknown remote manifest agent agent="muse"
2026-09-16T07:47:01.725076Z  WARN herdr::detect::manifest_update: skipping unknown remote manifest agent agent="qwen"
2026-09-16T08:17:01.685808Z  WARN herdr::detect::manifest_update: skipping unknown remote manifest agent agent="letta"
2026-09-16T08:17:01.687600Z  WARN herdr::detect::manifest_update: skipping unknown remote manifest agent agent="muse"
2026-09-16T08:17:01.687636Z  WARN herdr::detect::manifest_update: skipping unknown remote manifest agent agent="qwen"
2026-09-16T08:47:01.680816Z  WARN herdr::detect::manifest_update: skipping unknown remote manifest agent agent="letta"
2026-09-16T08:47:01.682924Z  WARN herdr::detect::manifest_update: skipping unknown remote manifest agent agent="muse"
2026-09-16T08:47:01.682978Z  WARN herdr::detect::manifest_update: skipping unknown remote manifest agent agent="qwen"
2026-09-16T09:17:01.267704Z  WARN herdr::detect::manifest_update: skipping unknown remote manifest agent agent="letta"
2026-09-16T09:17:01.268030Z  WARN herdr::detect::manifest_update: skipping unknown remote manifest agent agent="muse"
2026-09-16T09:17:01.268058Z  WARN herdr::detect::manifest_update: skipping unknown remote manifest agent agent="qwen"
2026-09-16T09:47:01.741998Z  WARN herdr::detect::manifest_update: skipping unknown remote manifest agent agent="letta"
2026-09-16T09:47:01.743030Z  WARN herdr::detect::manifest_update: skipping unknown remote manifest agent agent="muse"
2026-09-16T09:47:01.743094Z  WARN herdr::detect::manifest_update: skipping unknown remote manifest agent agent="qwen"
2026-09-16T11:35:26.995177Z  WARN herdr::detect::manifest_update: skipping unknown remote manifest agent agent="letta"
2026-09-16T11:35:26.996769Z  WARN herdr::detect::manifest_update: skipping unknown remote manifest agent agent="muse"
2026-09-16T11:35:26.996807Z  WARN herdr::detect::manifest_update: skipping unknown remote manifest agent agent="qwen"
2026-09-16T12:05:26.294281Z  WARN herdr::detect::manifest_update: skipping unknown remote manifest agent agent="letta"
2026-09-16T12:05:26.296257Z  WARN herdr::detect::manifest_update: skipping unknown remote manifest agent agent="muse"
2026-09-16T12:05:26.296291Z  WARN herdr::detect::manifest_update: skipping unknown remote manifest agent agent="qwen"
2026-09-16T12:35:26.538576Z  WARN herdr::detect::manifest_update: skipping unknown remote manifest agent agent="letta"
2026-09-16T12:35:26.540552Z  WARN herdr::detect::manifest_update: skipping unknown remote manifest agent agent="muse"
2026-09-16T12:35:26.540605Z  WARN herdr::detect::manifest_update: skipping unknown remote manifest agent agent="qwen"
2026-09-16T13:05:27.159354Z  WARN herdr::detect::manifest_update: skipping unknown remote manifest agent agent="letta"
2026-09-16T13:05:27.160509Z  WARN herdr::detect::manifest_update: skipping unknown remote manifest agent agent="muse"
2026-09-16T13:05:27.160540Z  WARN herdr::detect::manifest_update: skipping unknown remote manifest agent agent="qwen"
2026-09-16T13:35:27.371935Z  WARN herdr::detect::manifest_update: skipping unknown remote manifest agent agent="letta"
2026-09-16T13:35:27.373110Z  WARN herdr::detect::manifest_update: skipping unknown remote manifest agent agent="muse"
2026-09-16T13:35:27.373148Z  WARN herdr::detect::manifest_update: skipping unknown remote manifest agent agent="qwen"
2026-09-16T14:05:29.649862Z  WARN herdr::detect::manifest_update: skipping unknown remote manifest agent agent="letta"
2026-09-16T14:05:29.651907Z  WARN herdr::detect::manifest_update: skipping unknown remote manifest agent agent="muse"
2026-09-16T14:05:29.651942Z  WARN herdr::detect::manifest_update: skipping unknown remote manifest agent agent="qwen"
2026-09-16T14:35:27.535091Z  WARN herdr::detect::manifest_update: skipping unknown remote manifest agent agent="letta"
2026-09-16T14:35:27.536963Z  WARN herdr::detect::manifest_update: skipping unknown remote manifest agent agent="muse"
2026-09-16T14:35:27.536997Z  WARN herdr::detect::manifest_update: skipping unknown remote manifest agent agent="qwen"
2026-09-16T15:05:26.281576Z  WARN herdr::detect::manifest_update: skipping unknown remote manifest agent agent="letta"
2026-09-16T15:05:26.284027Z  WARN herdr::detect::manifest_update: skipping unknown remote manifest agent agent="muse"
2026-09-16T15:05:26.284061Z  WARN herdr::detect::manifest_update: skipping unknown remote manifest agent agent="qwen"
2026-09-16T15:35:28.622498Z  WARN herdr::detect::manifest_update: skipping unknown remote manifest agent agent="letta"
2026-09-16T15:35:28.624739Z  WARN herdr::detect::manifest_update: skipping unknown remote manifest agent agent="muse"
2026-09-16T15:35:28.624780Z  WARN herdr::detect::manifest_update: skipping unknown remote manifest agent agent="qwen"
2026-09-16T16:05:29.303902Z  WARN herdr::detect::manifest_update: skipping unknown remote manifest agent agent="letta"
2026-09-16T16:05:29.304996Z  WARN herdr::detect::manifest_update: skipping unknown remote manifest agent agent="muse"
2026-09-16T16:05:29.305035Z  WARN herdr::detect::manifest_update: skipping unknown remote manifest agent agent="qwen"
2026-09-16T16:35:34.573581Z  WARN herdr::detect::manifest_update: skipping unknown remote manifest agent agent="letta"
2026-09-16T16:35:34.575871Z  WARN herdr::detect::manifest_update: skipping unknown remote manifest agent agent="muse"
2026-09-16T16:35:34.575907Z  WARN herdr::detect::manifest_update: skipping unknown remote manifest agent agent="qwen"
2026-09-16T17:05:27.777951Z  WARN herdr::detect::manifest_update: skipping unknown remote manifest agent agent="letta"
2026-09-16T17:05:27.779740Z  WARN herdr::detect::manifest_update: skipping unknown remote manifest agent agent="muse"
2026-09-16T17:05:27.779789Z  WARN herdr::detect::manifest_update: skipping unknown remote manifest agent agent="qwen"
2026-09-16T17:35:26.269014Z  WARN herdr::detect::manifest_update: skipping unknown remote manifest agent agent="letta"
2026-09-16T17:35:26.271066Z  WARN herdr::detect::manifest_update: skipping unknown remote manifest agent agent="muse"
2026-09-16T17:35:26.271096Z  WARN herdr::detect::manifest_update: skipping unknown remote manifest agent agent="qwen"
2026-09-16T18:05:27.169618Z  WARN herdr::detect::manifest_update: skipping unknown remote manifest agent agent="letta"
2026-09-16T18:05:27.170134Z  WARN herdr::detect::manifest_update: skipping unknown remote manifest agent agent="muse"
2026-09-16T18:05:27.170184Z  WARN herdr::detect::manifest_update: skipping unknown remote manifest agent agent="qwen"
2026-09-16T18:35:28.024176Z  WARN herdr::detect::manifest_update: skipping unknown remote manifest agent agent="letta"
2026-09-16T18:35:28.026217Z  WARN herdr::detect::manifest_update: skipping unknown remote manifest agent agent="muse"
2026-09-16T18:35:28.026258Z  WARN herdr::detect::manifest_update: skipping unknown remote manifest agent agent="qwen"
2026-09-16T19:05:27.532961Z  WARN herdr::detect::manifest_update: skipping unknown remote manifest agent agent="letta"
2026-09-16T19:05:27.533896Z  WARN herdr::detect::manifest_update: skipping unknown remote manifest agent agent="muse"
2026-09-16T19:05:27.533945Z  WARN herdr::detect::manifest_update: skipping unknown remote manifest agent agent="qwen"
2026-09-16T19:35:27.503326Z  WARN herdr::detect::manifest_update: skipping unknown remote manifest agent agent="letta"
2026-09-16T19:35:27.504688Z  WARN herdr::detect::manifest_update: skipping unknown remote manifest agent agent="muse"
2026-09-16T19:35:27.504728Z  WARN herdr::detect::manifest_update: skipping unknown remote manifest agent agent="qwen"
2026-09-16T20:05:30.091913Z  WARN herdr::detect::manifest_update: skipping unknown remote manifest agent agent="letta"
2026-09-16T20:05:30.093017Z  WARN herdr::detect::manifest_update: skipping unknown remote manifest agent agent="muse"
2026-09-16T20:05:30.093067Z  WARN herdr::detect::manifest_update: skipping unknown remote manifest agent agent="qwen"
2026-09-16T20:35:27.082990Z  WARN herdr::detect::manifest_update: skipping unknown remote manifest agent agent="letta"
2026-09-16T20:35:27.085476Z  WARN herdr::detect::manifest_update: skipping unknown remote manifest agent agent="muse"
2026-09-16T20:35:27.085518Z  WARN herdr::detect::manifest_update: skipping unknown remote manifest agent agent="qwen"
2026-09-16T21:05:27.197347Z  WARN herdr::detect::manifest_update: skipping unknown remote manifest agent agent="letta"
2026-09-16T21:05:27.198345Z  WARN herdr::detect::manifest_update: skipping unknown remote manifest agent agent="muse"
2026-09-16T21:05:27.198396Z  WARN herdr::detect::manifest_update: skipping unknown remote manifest agent agent="qwen"
2026-09-16T21:35:26.375610Z  WARN herdr::detect::manifest_update: skipping unknown remote manifest agent agent="letta"
2026-09-16T21:35:26.378023Z  WARN herdr::detect::manifest_update: skipping unknown remote manifest agent agent="muse"
2026-09-16T21:35:26.378062Z  WARN herdr::detect::manifest_update: skipping unknown remote manifest agent agent="qwen"
2026-09-16T22:05:27.202640Z  WARN herdr::detect::manifest_update: skipping unknown remote manifest agent agent="letta"
2026-09-16T22:05:27.203743Z  WARN herdr::detect::manifest_update: skipping unknown remote manifest agent agent="muse"
2026-09-16T22:05:27.203788Z  WARN herdr::detect::manifest_update: skipping unknown remote manifest agent agent="qwen"
2026-09-16T22:35:26.695817Z  WARN herdr::detect::manifest_update: skipping unknown remote manifest agent agent="letta"
2026-09-16T22:35:26.697929Z  WARN herdr::detect::manifest_update: skipping unknown remote manifest agent agent="muse"
2026-09-16T22:35:26.697970Z  WARN herdr::detect::manifest_update: skipping unknown remote manifest agent agent="qwen"
2026-09-16T23:05:27.166663Z  WARN herdr::detect::manifest_update: skipping unknown remote manifest agent agent="letta"
2026-09-16T23:05:27.167198Z  WARN herdr::detect::manifest_update: skipping unknown remote manifest agent agent="muse"
2026-09-16T23:05:27.167237Z  WARN herdr::detect::manifest_update: skipping unknown remote manifest agent agent="qwen"
2026-09-16T23:35:27.240942Z  WARN herdr::detect::manifest_update: skipping unknown remote manifest agent agent="letta"
2026-09-16T23:35:27.242888Z  WARN herdr::detect::manifest_update: skipping unknown remote manifest agent agent="muse"
2026-09-16T23:35:27.242924Z  WARN herdr::detect::manifest_update: skipping unknown remote manifest agent agent="qwen"
2026-09-17T00:05:26.311996Z  WARN herdr::detect::manifest_update: skipping unknown remote manifest agent agent="letta"
2026-09-17T00:05:26.313101Z  WARN herdr::detect::manifest_update: skipping unknown remote manifest agent agent="muse"
2026-09-17T00:05:26.313169Z  WARN herdr::detect::manifest_update: skipping unknown remote manifest agent agent="qwen"
2026-09-17T00:35:26.332209Z  WARN herdr::detect::manifest_update: skipping unknown remote manifest agent agent="letta"
2026-09-17T00:35:26.334649Z  WARN herdr::detect::manifest_update: skipping unknown remote manifest agent agent="muse"
2026-09-17T00:35:26.334688Z  WARN herdr::detect::manifest_update: skipping unknown remote manifest agent agent="qwen"
2026-09-17T01:05:27.974556Z  WARN herdr::detect::manifest_update: skipping unknown remote manifest agent agent="letta"
2026-09-17T01:05:27.976875Z  WARN herdr::detect::manifest_update: skipping unknown remote manifest agent agent="muse"
2026-09-17T01:05:27.976917Z  WARN herdr::detect::manifest_update: skipping unknown remote manifest agent agent="qwen"
2026-09-17T01:35:27.195504Z  WARN herdr::detect::manifest_update: skipping unknown remote manifest agent agent="letta"
2026-09-17T01:35:27.197818Z  WARN herdr::detect::manifest_update: skipping unknown remote manifest agent agent="muse"
2026-09-17T01:35:27.197855Z  WARN herdr::detect::manifest_update: skipping unknown remote manifest agent agent="qwen"
2026-09-17T02:05:26.383192Z  WARN herdr::detect::manifest_update: skipping unknown remote manifest agent agent="letta"
2026-09-17T02:05:26.384297Z  WARN herdr::detect::manifest_update: skipping unknown remote manifest agent agent="muse"
2026-09-17T02:05:26.384339Z  WARN herdr::detect::manifest_update: skipping unknown remote manifest agent agent="qwen"
2026-09-17T03:19:02.182621Z  WARN herdr::detect::manifest_update: skipping unknown remote manifest agent agent="letta"
2026-09-17T03:19:02.184353Z  WARN herdr::detect::manifest_update: skipping unknown remote manifest agent agent="muse"
2026-09-17T03:19:02.184391Z  WARN herdr::detect::manifest_update: skipping unknown remote manifest agent agent="qwen"
2026-09-17T03:49:02.521080Z  WARN herdr::detect::manifest_update: skipping unknown remote manifest agent agent="letta"
2026-09-17T03:49:02.523373Z  WARN herdr::detect::manifest_update: skipping unknown remote manifest agent agent="muse"
2026-09-17T03:49:02.523413Z  WARN herdr::detect::manifest_update: skipping unknown remote manifest agent agent="qwen"
2026-09-17T04:19:02.227671Z  WARN herdr::detect::manifest_update: skipping unknown remote manifest agent agent="letta"
2026-09-17T04:19:02.228722Z  WARN herdr::detect::manifest_update: skipping unknown remote manifest agent agent="muse"
2026-09-17T04:19:02.228773Z  WARN herdr::detect::manifest_update: skipping unknown remote manifest agent agent="qwen"
2026-09-17T04:49:04.254422Z  WARN herdr::detect::manifest_update: skipping unknown remote manifest agent agent="letta"
2026-09-17T04:49:04.255477Z  WARN herdr::detect::manifest_update: skipping unknown remote manifest agent agent="muse"
2026-09-17T04:49:04.255509Z  WARN herdr::detect::manifest_update: skipping unknown remote manifest agent agent="qwen"
2026-09-17T05:19:03.233182Z  WARN herdr::detect::manifest_update: skipping unknown remote manifest agent agent="letta"
2026-09-17T05:19:03.234244Z  WARN herdr::detect::manifest_update: skipping unknown remote manifest agent agent="muse"
2026-09-17T05:19:03.234293Z  WARN herdr::detect::manifest_update: skipping unknown remote manifest agent agent="qwen"
2026-09-17T05:49:02.129326Z  WARN herdr::detect::manifest_update: skipping unknown remote manifest agent agent="letta"
2026-09-17T05:49:02.131703Z  WARN herdr::detect::manifest_update: skipping unknown remote manifest agent agent="muse"
2026-09-17T05:49:02.131743Z  WARN herdr::detect::manifest_update: skipping unknown remote manifest agent agent="qwen"
2026-09-17T06:58:08.854323Z  WARN herdr::detect::manifest_update: skipping unknown remote manifest agent agent="letta"
2026-09-17T06:58:08.856218Z  WARN herdr::detect::manifest_update: skipping unknown remote manifest agent agent="muse"
2026-09-17T06:58:08.856253Z  WARN herdr::detect::manifest_update: skipping unknown remote manifest agent agent="qwen"
2026-09-17T07:28:10.094127Z  WARN herdr::detect::manifest_update: skipping unknown remote manifest agent agent="letta"
2026-09-17T07:28:10.096298Z  WARN herdr::detect::manifest_update: skipping unknown remote manifest agent agent="muse"
2026-09-17T07:28:10.096342Z  WARN herdr::detect::manifest_update: skipping unknown remote manifest agent agent="qwen"
2026-09-17T07:58:08.887679Z  WARN herdr::detect::manifest_update: skipping unknown remote manifest agent agent="letta"
2026-09-17T07:58:08.889570Z  WARN herdr::detect::manifest_update: skipping unknown remote manifest agent agent="muse"
2026-09-17T07:58:08.889609Z  WARN herdr::detect::manifest_update: skipping unknown remote manifest agent agent="qwen"
2026-09-17T08:28:08.979758Z  WARN herdr::detect::manifest_update: skipping unknown remote manifest agent agent="letta"
2026-09-17T08:28:08.981865Z  WARN herdr::detect::manifest_update: skipping unknown remote manifest agent agent="muse"
2026-09-17T08:28:08.981916Z  WARN herdr::detect::manifest_update: skipping unknown remote manifest agent agent="qwen"
2026-09-17T08:58:08.747972Z  WARN herdr::detect::manifest_update: skipping unknown remote manifest agent agent="letta"
2026-09-17T08:58:08.749394Z  WARN herdr::detect::manifest_update: skipping unknown remote manifest agent agent="muse"
2026-09-17T08:58:08.749418Z  WARN herdr::detect::manifest_update: skipping unknown remote manifest agent agent="qwen"
2026-09-17T09:28:08.510041Z  WARN herdr::detect::manifest_update: skipping unknown remote manifest agent agent="letta"
2026-09-17T09:28:08.511916Z  WARN herdr::detect::manifest_update: skipping unknown remote manifest agent agent="muse"
2026-09-17T09:28:08.511960Z  WARN herdr::detect::manifest_update: skipping unknown remote manifest agent agent="qwen"
2026-09-17T09:58:08.321617Z  WARN herdr::detect::manifest_update: skipping unknown remote manifest agent agent="letta"
2026-09-17T09:58:08.323665Z  WARN herdr::detect::manifest_update: skipping unknown remote manifest agent agent="muse"
2026-09-17T09:58:08.323707Z  WARN herdr::detect::manifest_update: skipping unknown remote manifest agent agent="qwen"
2026-09-17T10:28:09.237696Z  WARN herdr::detect::manifest_update: skipping unknown remote manifest agent agent="letta"
2026-09-17T10:28:09.239194Z  WARN herdr::detect::manifest_update: skipping unknown remote manifest agent agent="muse"
2026-09-17T10:28:09.239230Z  WARN herdr::detect::manifest_update: skipping unknown remote manifest agent agent="qwen"
2026-09-17T10:58:08.540553Z  WARN herdr::detect::manifest_update: skipping unknown remote manifest agent agent="letta"
2026-09-17T10:58:08.541906Z  WARN herdr::detect::manifest_update: skipping unknown remote manifest agent agent="muse"
2026-09-17T10:58:08.541950Z  WARN herdr::detect::manifest_update: skipping unknown remote manifest agent agent="qwen"
2026-09-17T11:28:08.733232Z  WARN herdr::detect::manifest_update: skipping unknown remote manifest agent agent="letta"
2026-09-17T11:28:08.734930Z  WARN herdr::detect::manifest_update: skipping unknown remote manifest agent agent="muse"
2026-09-17T11:28:08.734990Z  WARN herdr::detect::manifest_update: skipping unknown remote manifest agent agent="qwen"
2026-09-17T11:58:08.645862Z  WARN herdr::detect::manifest_update: skipping unknown remote manifest agent agent="letta"
2026-09-17T11:58:08.647527Z  WARN herdr::detect::manifest_update: skipping unknown remote manifest agent agent="muse"
2026-09-17T11:58:08.647564Z  WARN herdr::detect::manifest_update: skipping unknown remote manifest agent agent="qwen"
2026-09-17T12:28:10.488365Z  WARN herdr::detect::manifest_update: skipping unknown remote manifest agent agent="letta"
2026-09-17T12:28:10.490477Z  WARN herdr::detect::manifest_update: skipping unknown remote manifest agent agent="muse"
2026-09-17T12:28:10.490513Z  WARN herdr::detect::manifest_update: skipping unknown remote manifest agent agent="qwen"
2026-09-17T12:58:08.972091Z  WARN herdr::detect::manifest_update: skipping unknown remote manifest agent agent="letta"
2026-09-17T12:58:08.973862Z  WARN herdr::detect::manifest_update: skipping unknown remote manifest agent agent="muse"
2026-09-17T12:58:08.973881Z  WARN herdr::detect::manifest_update: skipping unknown remote manifest agent agent="qwen"
2026-09-17T13:28:08.473600Z  WARN herdr::detect::manifest_update: skipping unknown remote manifest agent agent="letta"
2026-09-17T13:28:08.474509Z  WARN herdr::detect::manifest_update: skipping unknown remote manifest agent agent="muse"
2026-09-17T13:28:08.474537Z  WARN herdr::detect::manifest_update: skipping unknown remote manifest agent agent="qwen"
2026-09-17T13:58:09.099612Z  WARN herdr::detect::manifest_update: skipping unknown remote manifest agent agent="letta"
2026-09-17T13:58:09.100509Z  WARN herdr::detect::manifest_update: skipping unknown remote manifest agent agent="muse"
2026-09-17T13:58:09.100533Z  WARN herdr::detect::manifest_update: skipping unknown remote manifest agent agent="qwen"
2026-09-17T14:28:08.531213Z  WARN herdr::detect::manifest_update: skipping unknown remote manifest agent agent="letta"
2026-09-17T14:28:08.531986Z  WARN herdr::detect::manifest_update: skipping unknown remote manifest agent agent="muse"
2026-09-17T14:28:08.532021Z  WARN herdr::detect::manifest_update: skipping unknown remote manifest agent agent="qwen"
2026-09-17T14:58:08.786535Z  WARN herdr::detect::manifest_update: skipping unknown remote manifest agent agent="letta"
2026-09-17T14:58:08.788565Z  WARN herdr::detect::manifest_update: skipping unknown remote manifest agent agent="muse"
2026-09-17T14:58:08.788601Z  WARN herdr::detect::manifest_update: skipping unknown remote manifest agent agent="qwen"
2026-09-17T15:28:09.054870Z  WARN herdr::detect::manifest_update: skipping unknown remote manifest agent agent="letta"
2026-09-17T15:28:09.056143Z  WARN herdr::detect::manifest_update: skipping unknown remote manifest agent agent="muse"
2026-09-17T15:28:09.056225Z  WARN herdr::detect::manifest_update: skipping unknown remote manifest agent agent="qwen"
2026-09-17T15:58:09.646027Z  WARN herdr::detect::manifest_update: skipping unknown remote manifest agent agent="letta"
2026-09-17T15:58:09.648344Z  WARN herdr::detect::manifest_update: skipping unknown remote manifest agent agent="muse"
2026-09-17T15:58:09.648382Z  WARN herdr::detect::manifest_update: skipping unknown remote manifest agent agent="qwen"
2026-09-17T16:28:08.471575Z  WARN herdr::detect::manifest_update: skipping unknown remote manifest agent agent="letta"
2026-09-17T16:28:08.473342Z  WARN herdr::detect::manifest_update: skipping unknown remote manifest agent agent="muse"
2026-09-17T16:28:08.473379Z  WARN herdr::detect::manifest_update: skipping unknown remote manifest agent agent="qwen"
2026-09-17T16:58:08.456329Z  WARN herdr::detect::manifest_update: skipping unknown remote manifest agent agent="letta"
2026-09-17T16:58:08.457809Z  WARN herdr::detect::manifest_update: skipping unknown remote manifest agent agent="muse"
2026-09-17T16:58:08.457841Z  WARN herdr::detect::manifest_update: skipping unknown remote manifest agent agent="qwen"
2026-09-17T17:28:08.550110Z  WARN herdr::detect::manifest_update: skipping unknown remote manifest agent agent="letta"
2026-09-17T17:28:08.551932Z  WARN herdr::detect::manifest_update: skipping unknown remote manifest agent agent="muse"
2026-09-17T17:28:08.551976Z  WARN herdr::detect::manifest_update: skipping unknown remote manifest agent agent="qwen"
2026-09-17T17:58:08.373948Z  WARN herdr::detect::manifest_update: skipping unknown remote manifest agent agent="letta"
2026-09-17T17:58:08.374403Z  WARN herdr::detect::manifest_update: skipping unknown remote manifest agent agent="muse"
2026-09-17T17:58:08.374445Z  WARN herdr::detect::manifest_update: skipping unknown remote manifest agent agent="qwen"
2026-09-17T18:28:09.014648Z  WARN herdr::detect::manifest_update: skipping unknown remote manifest agent agent="letta"
2026-09-17T18:28:09.016818Z  WARN herdr::detect::manifest_update: skipping unknown remote manifest agent agent="muse"
2026-09-17T18:28:09.016855Z  WARN herdr::detect::manifest_update: skipping unknown remote manifest agent agent="qwen"
2026-09-17T18:58:08.432742Z  WARN herdr::detect::manifest_update: skipping unknown remote manifest agent agent="letta"
2026-09-17T18:58:08.434339Z  WARN herdr::detect::manifest_update: skipping unknown remote manifest agent agent="muse"
2026-09-17T18:58:08.434379Z  WARN herdr::detect::manifest_update: skipping unknown remote manifest agent agent="qwen"
2026-09-17T19:28:10.477619Z  WARN herdr::detect::manifest_update: skipping unknown remote manifest agent agent="letta"
2026-09-17T19:28:10.479378Z  WARN herdr::detect::manifest_update: skipping unknown remote manifest agent agent="muse"
2026-09-17T19:28:10.479415Z  WARN herdr::detect::manifest_update: skipping unknown remote manifest agent agent="qwen"
2026-09-17T19:58:08.875910Z  WARN herdr::detect::manifest_update: skipping unknown remote manifest agent agent="letta"
2026-09-17T19:58:08.876945Z  WARN herdr::detect::manifest_update: skipping unknown remote manifest agent agent="muse"
2026-09-17T19:58:08.876977Z  WARN herdr::detect::manifest_update: skipping unknown remote manifest agent agent="qwen"
2026-09-17T20:28:08.626179Z  WARN herdr::detect::manifest_update: skipping unknown remote manifest agent agent="letta"
2026-09-17T20:28:08.627574Z  WARN herdr::detect::manifest_update: skipping unknown remote manifest agent agent="muse"
2026-09-17T20:28:08.627623Z  WARN herdr::detect::manifest_update: skipping unknown remote manifest agent agent="qwen"
2026-09-17T20:58:08.508661Z  WARN herdr::detect::manifest_update: skipping unknown remote manifest agent agent="letta"
2026-09-17T20:58:08.509729Z  WARN herdr::detect::manifest_update: skipping unknown remote manifest agent agent="muse"
2026-09-17T20:58:08.509781Z  WARN herdr::detect::manifest_update: skipping unknown remote manifest agent agent="qwen"
2026-09-17T21:28:08.930067Z  WARN herdr::detect::manifest_update: skipping unknown remote manifest agent agent="letta"
2026-09-17T21:28:08.930724Z  WARN herdr::detect::manifest_update: skipping unknown remote manifest agent agent="muse"
2026-09-17T21:28:08.930750Z  WARN herdr::detect::manifest_update: skipping unknown remote manifest agent agent="qwen"
2026-09-17T21:58:08.327659Z  WARN herdr::detect::manifest_update: skipping unknown remote manifest agent agent="letta"
2026-09-17T21:58:08.329668Z  WARN herdr::detect::manifest_update: skipping unknown remote manifest agent agent="muse"
2026-09-17T21:58:08.329721Z  WARN herdr::detect::manifest_update: skipping unknown remote manifest agent agent="qwen"
2026-09-17T22:28:09.074108Z  WARN herdr::detect::manifest_update: skipping unknown remote manifest agent agent="letta"
2026-09-17T22:28:09.075501Z  WARN herdr::detect::manifest_update: skipping unknown remote manifest agent agent="muse"
2026-09-17T22:28:09.075528Z  WARN herdr::detect::manifest_update: skipping unknown remote manifest agent agent="qwen"
2026-09-17T22:58:08.405108Z  WARN herdr::detect::manifest_update: skipping unknown remote manifest agent agent="letta"
2026-09-17T22:58:08.406173Z  WARN herdr::detect::manifest_update: skipping unknown remote manifest agent agent="muse"
2026-09-17T22:58:08.406203Z  WARN herdr::detect::manifest_update: skipping unknown remote manifest agent agent="qwen"
2026-09-17T23:28:09.080247Z  WARN herdr::detect::manifest_update: skipping unknown remote manifest agent agent="letta"
2026-09-17T23:28:09.081753Z  WARN herdr::detect::manifest_update: skipping unknown remote manifest agent agent="muse"
2026-09-17T23:28:09.081786Z  WARN herdr::detect::manifest_update: skipping unknown remote manifest agent agent="qwen"
2026-09-17T23:58:09.036113Z  WARN herdr::detect::manifest_update: skipping unknown remote manifest agent agent="letta"
2026-09-17T23:58:09.037862Z  WARN herdr::detect::manifest_update: skipping unknown remote manifest agent agent="muse"
2026-09-17T23:58:09.037902Z  WARN herdr::detect::manifest_update: skipping unknown remote manifest agent agent="qwen"
2026-09-18T00:28:10.153488Z  WARN herdr::detect::manifest_update: skipping unknown remote manifest agent agent="letta"
2026-09-18T00:28:10.154442Z  WARN herdr::detect::manifest_update: skipping unknown remote manifest agent agent="muse"
2026-09-18T00:28:10.154496Z  WARN herdr::detect::manifest_update: skipping unknown remote manifest agent agent="qwen"
2026-09-18T00:58:08.459203Z  WARN herdr::detect::manifest_update: skipping unknown remote manifest agent agent="letta"
2026-09-18T00:58:08.460976Z  WARN herdr::detect::manifest_update: skipping unknown remote manifest agent agent="muse"
2026-09-18T00:58:08.461020Z  WARN herdr::detect::manifest_update: skipping unknown remote manifest agent agent="qwen"
2026-09-18T01:28:09.060780Z  WARN herdr::detect::manifest_update: skipping unknown remote manifest agent agent="letta"
2026-09-18T01:28:09.062542Z  WARN herdr::detect::manifest_update: skipping unknown remote manifest agent agent="muse"
2026-09-18T01:28:09.062595Z  WARN herdr::detect::manifest_update: skipping unknown remote manifest agent agent="qwen"
2026-09-18T01:58:09.460162Z  WARN herdr::detect::manifest_update: skipping unknown remote manifest agent agent="letta"
2026-09-18T01:58:09.460717Z  WARN herdr::detect::manifest_update: skipping unknown remote manifest agent agent="muse"
2026-09-18T01:58:09.460763Z  WARN herdr::detect::manifest_update: skipping unknown remote manifest agent agent="qwen"
2026-09-18T02:28:09.104544Z  WARN herdr::detect::manifest_update: skipping unknown remote manifest agent agent="letta"
2026-09-18T02:28:09.106576Z  WARN herdr::detect::manifest_update: skipping unknown remote manifest agent agent="muse"
2026-09-18T02:28:09.106610Z  WARN herdr::detect::manifest_update: skipping unknown remote manifest agent agent="qwen"
2026-09-18T02:58:09.043765Z  WARN herdr::detect::manifest_update: skipping unknown remote manifest agent agent="letta"
2026-09-18T02:58:09.044764Z  WARN herdr::detect::manifest_update: skipping unknown remote manifest agent agent="muse"
2026-09-18T02:58:09.044788Z  WARN herdr::detect::manifest_update: skipping unknown remote manifest agent agent="qwen"
2026-09-18T03:28:09.028736Z  WARN herdr::detect::manifest_update: skipping unknown remote manifest agent agent="letta"
2026-09-18T03:28:09.030204Z  WARN herdr::detect::manifest_update: skipping unknown remote manifest agent agent="muse"
2026-09-18T03:28:09.030245Z  WARN herdr::detect::manifest_update: skipping unknown remote manifest agent agent="qwen"
2026-09-18T03:58:08.466974Z  WARN herdr::detect::manifest_update: skipping unknown remote manifest agent agent="letta"
2026-09-18T03:58:08.467453Z  WARN herdr::detect::manifest_update: skipping unknown remote manifest agent agent="muse"
2026-09-18T03:58:08.467500Z  WARN herdr::detect::manifest_update: skipping unknown remote manifest agent agent="qwen"
2026-09-18T04:28:09.061704Z  WARN herdr::detect::manifest_update: skipping unknown remote manifest agent agent="letta"
2026-09-18T04:28:09.063029Z  WARN herdr::detect::manifest_update: skipping unknown remote manifest agent agent="muse"
2026-09-18T04:28:09.063075Z  WARN herdr::detect::manifest_update: skipping unknown remote manifest agent agent="qwen"
2026-09-18T04:58:09.100098Z  WARN herdr::detect::manifest_update: skipping unknown remote manifest agent agent="letta"
2026-09-18T04:58:09.101156Z  WARN herdr::detect::manifest_update: skipping unknown remote manifest agent agent="muse"
2026-09-18T04:58:09.101178Z  WARN herdr::detect::manifest_update: skipping unknown remote manifest agent agent="qwen"
2026-09-18T05:28:09.095526Z  WARN herdr::detect::manifest_update: skipping unknown remote manifest agent agent="letta"
2026-09-18T05:28:09.097472Z  WARN herdr::detect::manifest_update: skipping unknown remote manifest agent agent="muse"
2026-09-18T05:28:09.097511Z  WARN herdr::detect::manifest_update: skipping unknown remote manifest agent agent="qwen"
2026-09-18T05:58:08.552849Z  WARN herdr::detect::manifest_update: skipping unknown remote manifest agent agent="letta"
2026-09-18T05:58:08.553658Z  WARN herdr::detect::manifest_update: skipping unknown remote manifest agent agent="muse"
2026-09-18T05:58:08.553695Z  WARN herdr::detect::manifest_update: skipping unknown remote manifest agent agent="qwen"
2026-09-18T06:28:08.483032Z  WARN herdr::detect::manifest_update: skipping unknown remote manifest agent agent="letta"
2026-09-18T06:28:08.484135Z  WARN herdr::detect::manifest_update: skipping unknown remote manifest agent agent="muse"
2026-09-18T06:28:08.484182Z  WARN herdr::detect::manifest_update: skipping unknown remote manifest agent agent="qwen"
2026-09-18T06:58:11.094405Z  WARN herdr::detect::manifest_update: agent detection manifest update failed: failed to fetch https://herdr.dev/agent-detection/index.toml
2026-09-18T07:28:09.490309Z  WARN herdr::detect::manifest_update: skipping unknown remote manifest agent agent="letta"
2026-09-18T07:28:09.491839Z  WARN herdr::detect::manifest_update: skipping unknown remote manifest agent agent="muse"
2026-09-18T07:28:09.491910Z  WARN herdr::detect::manifest_update: skipping unknown remote manifest agent agent="qwen"
2026-09-18T07:58:09.151177Z  WARN herdr::detect::manifest_update: skipping unknown remote manifest agent agent="letta"
2026-09-18T07:58:09.152979Z  WARN herdr::detect::manifest_update: skipping unknown remote manifest agent agent="muse"
2026-09-18T07:58:09.153041Z  WARN herdr::detect::manifest_update: skipping unknown remote manifest agent agent="qwen"
2026-09-18T08:28:09.160524Z  WARN herdr::detect::manifest_update: skipping unknown remote manifest agent agent="letta"
2026-09-18T08:28:09.162280Z  WARN herdr::detect::manifest_update: skipping unknown remote manifest agent agent="muse"
2026-09-18T08:28:09.162367Z  WARN herdr::detect::manifest_update: skipping unknown remote manifest agent agent="qwen"
2026-09-18T08:58:10.527414Z  WARN herdr::detect::manifest_update: skipping unknown remote manifest agent agent="letta"
2026-09-18T08:58:10.529674Z  WARN herdr::detect::manifest_update: skipping unknown remote manifest agent agent="muse"
2026-09-18T08:58:10.529718Z  WARN herdr::detect::manifest_update: skipping unknown remote manifest agent agent="qwen"
2026-09-18T09:28:08.548275Z  WARN herdr::detect::manifest_update: skipping unknown remote manifest agent agent="letta"
2026-09-18T09:28:08.549184Z  WARN herdr::detect::manifest_update: skipping unknown remote manifest agent agent="muse"
2026-09-18T09:28:08.549219Z  WARN herdr::detect::manifest_update: skipping unknown remote manifest agent agent="qwen"
2026-09-18T09:58:09.377226Z  WARN herdr::detect::manifest_update: skipping unknown remote manifest agent agent="letta"
2026-09-18T09:58:09.378232Z  WARN herdr::detect::manifest_update: skipping unknown remote manifest agent agent="muse"
2026-09-18T09:58:09.378339Z  WARN herdr::detect::manifest_update: skipping unknown remote manifest agent agent="qwen"
2026-09-18T10:28:09.237381Z  WARN herdr::detect::manifest_update: skipping unknown remote manifest agent agent="letta"
2026-09-18T10:28:09.238647Z  WARN herdr::detect::manifest_update: skipping unknown remote manifest agent agent="muse"
2026-09-18T10:28:09.238682Z  WARN herdr::detect::manifest_update: skipping unknown remote manifest agent agent="qwen"
2026-09-18T10:58:08.620660Z  WARN herdr::detect::manifest_update: skipping unknown remote manifest agent agent="letta"
2026-09-18T10:58:08.622283Z  WARN herdr::detect::manifest_update: skipping unknown remote manifest agent agent="muse"
2026-09-18T10:58:08.622333Z  WARN herdr::detect::manifest_update: skipping unknown remote manifest agent agent="qwen"
2026-09-18T11:28:09.032273Z  WARN herdr::detect::manifest_update: skipping unknown remote manifest agent agent="letta"
2026-09-18T11:28:09.034112Z  WARN herdr::detect::manifest_update: skipping unknown remote manifest agent agent="muse"
2026-09-18T11:28:09.034165Z  WARN herdr::detect::manifest_update: skipping unknown remote manifest agent agent="qwen"
2026-09-18T12:20:55.775769Z  WARN herdr::detect::manifest_update: skipping unknown remote manifest agent agent="letta"
2026-09-18T12:20:55.777144Z  WARN herdr::detect::manifest_update: skipping unknown remote manifest agent agent="muse"
2026-09-18T12:20:55.777180Z  WARN herdr::detect::manifest_update: skipping unknown remote manifest agent agent="qwen"
2026-09-18T12:50:55.826597Z  WARN herdr::detect::manifest_update: skipping unknown remote manifest agent agent="letta"
2026-09-18T12:50:55.828822Z  WARN herdr::detect::manifest_update: skipping unknown remote manifest agent agent="muse"
2026-09-18T12:50:55.828872Z  WARN herdr::detect::manifest_update: skipping unknown remote manifest agent agent="qwen"
2026-09-18T13:20:55.542703Z  WARN herdr::detect::manifest_update: skipping unknown remote manifest agent agent="letta"
2026-09-18T13:20:55.543286Z  WARN herdr::detect::manifest_update: skipping unknown remote manifest agent agent="muse"
2026-09-18T13:20:55.543341Z  WARN herdr::detect::manifest_update: skipping unknown remote manifest agent agent="qwen"
2026-09-18T13:50:55.662497Z  WARN herdr::detect::manifest_update: skipping unknown remote manifest agent agent="letta"
2026-09-18T13:50:55.663606Z  WARN herdr::detect::manifest_update: skipping unknown remote manifest agent agent="muse"
2026-09-18T13:50:55.663680Z  WARN herdr::detect::manifest_update: skipping unknown remote manifest agent agent="qwen"
2026-09-18T14:20:54.996673Z  WARN herdr::detect::manifest_update: skipping unknown remote manifest agent agent="letta"
2026-09-18T14:20:54.997574Z  WARN herdr::detect::manifest_update: skipping unknown remote manifest agent agent="muse"
2026-09-18T14:20:54.997632Z  WARN herdr::detect::manifest_update: skipping unknown remote manifest agent agent="qwen"
2026-09-18T14:50:54.972808Z  WARN herdr::detect::manifest_update: skipping unknown remote manifest agent agent="letta"
2026-09-18T14:50:54.974722Z  WARN herdr::detect::manifest_update: skipping unknown remote manifest agent agent="muse"
2026-09-18T14:50:54.974780Z  WARN herdr::detect::manifest_update: skipping unknown remote manifest agent agent="qwen"
2026-09-18T15:20:55.736784Z  WARN herdr::detect::manifest_update: skipping unknown remote manifest agent agent="letta"
2026-09-18T15:20:55.738325Z  WARN herdr::detect::manifest_update: skipping unknown remote manifest agent agent="muse"
2026-09-18T15:20:55.738389Z  WARN herdr::detect::manifest_update: skipping unknown remote manifest agent agent="qwen"
2026-09-18T15:50:54.915833Z  WARN herdr::detect::manifest_update: skipping unknown remote manifest agent agent="letta"
2026-09-18T15:50:54.916838Z  WARN herdr::detect::manifest_update: skipping unknown remote manifest agent agent="muse"
2026-09-18T15:50:54.916886Z  WARN herdr::detect::manifest_update: skipping unknown remote manifest agent agent="qwen"
2026-09-18T16:20:55.330821Z  WARN herdr::detect::manifest_update: skipping unknown remote manifest agent agent="letta"
2026-09-18T16:20:55.333009Z  WARN herdr::detect::manifest_update: skipping unknown remote manifest agent agent="muse"
2026-09-18T16:20:55.333044Z  WARN herdr::detect::manifest_update: skipping unknown remote manifest agent agent="qwen"
2026-09-18T16:50:54.944780Z  WARN herdr::detect::manifest_update: skipping unknown remote manifest agent agent="letta"
2026-09-18T16:50:54.945774Z  WARN herdr::detect::manifest_update: skipping unknown remote manifest agent agent="muse"
2026-09-18T16:50:54.945809Z  WARN herdr::detect::manifest_update: skipping unknown remote manifest agent agent="qwen"
2026-09-18T17:20:54.877612Z  WARN herdr::detect::manifest_update: skipping unknown remote manifest agent agent="letta"
2026-09-18T17:20:54.879651Z  WARN herdr::detect::manifest_update: skipping unknown remote manifest agent agent="muse"
2026-09-18T17:20:54.879692Z  WARN herdr::detect::manifest_update: skipping unknown remote manifest agent agent="qwen"
2026-09-18T17:50:57.003506Z  WARN herdr::detect::manifest_update: skipping unknown remote manifest agent agent="letta"
2026-09-18T17:50:57.004727Z  WARN herdr::detect::manifest_update: skipping unknown remote manifest agent agent="muse"
2026-09-18T17:50:57.004778Z  WARN herdr::detect::manifest_update: skipping unknown remote manifest agent agent="qwen"
2026-09-18T18:38:45.240109Z  WARN herdr::detect::manifest_update: skipping unknown remote manifest agent agent="letta"
2026-09-18T18:38:45.242293Z  WARN herdr::detect::manifest_update: skipping unknown remote manifest agent agent="muse"
2026-09-18T18:38:45.242335Z  WARN herdr::detect::manifest_update: skipping unknown remote manifest agent agent="qwen"
2026-09-18T19:08:46.679823Z  WARN herdr::detect::manifest_update: skipping unknown remote manifest agent agent="letta"
2026-09-18T19:08:46.681128Z  WARN herdr::detect::manifest_update: skipping unknown remote manifest agent agent="muse"
2026-09-18T19:08:46.681155Z  WARN herdr::detect::manifest_update: skipping unknown remote manifest agent agent="qwen"
2026-09-18T19:38:44.426155Z  WARN herdr::detect::manifest_update: skipping unknown remote manifest agent agent="letta"
2026-09-18T19:38:44.427524Z  WARN herdr::detect::manifest_update: skipping unknown remote manifest agent agent="muse"
2026-09-18T19:38:44.427567Z  WARN herdr::detect::manifest_update: skipping unknown remote manifest agent agent="qwen"
2026-09-18T20:08:45.043207Z  WARN herdr::detect::manifest_update: skipping unknown remote manifest agent agent="letta"
2026-09-18T20:08:45.044736Z  WARN herdr::detect::manifest_update: skipping unknown remote manifest agent agent="muse"
2026-09-18T20:08:45.044787Z  WARN herdr::detect::manifest_update: skipping unknown remote manifest agent agent="qwen"
2026-09-18T20:38:44.468779Z  WARN herdr::detect::manifest_update: skipping unknown remote manifest agent agent="letta"
2026-09-18T20:38:44.469689Z  WARN herdr::detect::manifest_update: skipping unknown remote manifest agent agent="muse"
2026-09-18T20:38:44.469722Z  WARN herdr::detect::manifest_update: skipping unknown remote manifest agent agent="qwen"
2026-09-18T21:08:44.752148Z  WARN herdr::detect::manifest_update: skipping unknown remote manifest agent agent="letta"
2026-09-18T21:08:44.753175Z  WARN herdr::detect::manifest_update: skipping unknown remote manifest agent agent="muse"
2026-09-18T21:08:44.753221Z  WARN herdr::detect::manifest_update: skipping unknown remote manifest agent agent="qwen"
2026-09-18T21:38:44.741649Z  WARN herdr::detect::manifest_update: skipping unknown remote manifest agent agent="letta"
2026-09-18T21:38:44.743870Z  WARN herdr::detect::manifest_update: skipping unknown remote manifest agent agent="muse"
2026-09-18T21:38:44.743926Z  WARN herdr::detect::manifest_update: skipping unknown remote manifest agent agent="qwen"
2026-09-18T22:08:45.412456Z  WARN herdr::detect::manifest_update: skipping unknown remote manifest agent agent="letta"
2026-09-18T22:08:45.413385Z  WARN herdr::detect::manifest_update: skipping unknown remote manifest agent agent="muse"
2026-09-18T22:08:45.413428Z  WARN herdr::detect::manifest_update: skipping unknown remote manifest agent agent="qwen"
2026-09-18T22:38:48.735093Z  WARN herdr::detect::manifest_update: skipping unknown remote manifest agent agent="letta"
2026-09-18T22:38:48.737391Z  WARN herdr::detect::manifest_update: skipping unknown remote manifest agent agent="muse"
2026-09-18T22:38:48.737423Z  WARN herdr::detect::manifest_update: skipping unknown remote manifest agent agent="qwen"
2026-09-18T23:08:46.955958Z  WARN herdr::detect::manifest_update: skipping unknown remote manifest agent agent="letta"
2026-09-18T23:08:46.956896Z  WARN herdr::detect::manifest_update: skipping unknown remote manifest agent agent="muse"
2026-09-18T23:08:46.956940Z  WARN herdr::detect::manifest_update: skipping unknown remote manifest agent agent="qwen"
2026-09-18T23:38:48.968654Z  WARN herdr::detect::manifest_update: skipping unknown remote manifest agent agent="letta"
2026-09-18T23:38:48.970613Z  WARN herdr::detect::manifest_update: skipping unknown remote manifest agent agent="muse"
2026-09-18T23:38:48.970658Z  WARN herdr::detect::manifest_update: skipping unknown remote manifest agent agent="qwen"
2026-09-19T00:08:45.244758Z  WARN herdr::detect::manifest_update: skipping unknown remote manifest agent agent="letta"
2026-09-19T00:08:45.245720Z  WARN herdr::detect::manifest_update: skipping unknown remote manifest agent agent="muse"
2026-09-19T00:08:45.245775Z  WARN herdr::detect::manifest_update: skipping unknown remote manifest agent agent="qwen"
2026-09-19T00:38:45.998230Z  WARN herdr::detect::manifest_update: skipping unknown remote manifest agent agent="letta"
2026-09-19T00:38:45.999627Z  WARN herdr::detect::manifest_update: skipping unknown remote manifest agent agent="muse"
2026-09-19T00:38:45.999662Z  WARN herdr::detect::manifest_update: skipping unknown remote manifest agent agent="qwen"
2026-09-19T00:39:41.901061Z  WARN herdr::detect::manifest_update: agent detection manifest update failed for agent agent="copilot" error=TOML parse error at line 46, column 1
   |
46 | id = "copilot"
   | ^
duplicate key `id` in table `rules`

2026-09-19T01:08:53.612237Z  WARN herdr::detect::manifest_update: skipping unknown remote manifest agent agent="letta"
2026-09-19T01:08:53.613143Z  WARN herdr::detect::manifest_update: skipping unknown remote manifest agent agent="muse"
2026-09-19T01:08:53.613198Z  WARN herdr::detect::manifest_update: skipping unknown remote manifest agent agent="qwen"
2026-09-19T01:38:44.431829Z  WARN herdr::detect::manifest_update: skipping unknown remote manifest agent agent="letta"
2026-09-19T01:38:44.433312Z  WARN herdr::detect::manifest_update: skipping unknown remote manifest agent agent="muse"
2026-09-19T01:38:44.433359Z  WARN herdr::detect::manifest_update: skipping unknown remote manifest agent agent="qwen"
2026-09-19T02:08:46.854740Z  WARN herdr::detect::manifest_update: skipping unknown remote manifest agent agent="letta"
2026-09-19T02:08:46.855627Z  WARN herdr::detect::manifest_update: skipping unknown remote manifest agent agent="muse"
2026-09-19T02:08:46.855661Z  WARN herdr::detect::manifest_update: skipping unknown remote manifest agent agent="qwen"
2026-09-19T02:38:48.016357Z  WARN herdr::detect::manifest_update: skipping unknown remote manifest agent agent="letta"
2026-09-19T02:38:48.018673Z  WARN herdr::detect::manifest_update: skipping unknown remote manifest agent agent="muse"
2026-09-19T02:38:48.018719Z  WARN herdr::detect::manifest_update: skipping unknown remote manifest agent agent="qwen"
2026-09-19T03:08:45.225036Z  WARN herdr::detect::manifest_update: skipping unknown remote manifest agent agent="letta"
2026-09-19T03:08:45.225995Z  WARN herdr::detect::manifest_update: skipping unknown remote manifest agent agent="muse"
2026-09-19T03:08:45.226052Z  WARN herdr::detect::manifest_update: skipping unknown remote manifest agent agent="qwen"
2026-09-19T03:38:45.423688Z  WARN herdr::detect::manifest_update: skipping unknown remote manifest agent agent="letta"
2026-09-19T03:38:45.426156Z  WARN herdr::detect::manifest_update: skipping unknown remote manifest agent agent="muse"
2026-09-19T03:38:45.426190Z  WARN herdr::detect::manifest_update: skipping unknown remote manifest agent agent="qwen"
2026-09-20T04:29:43.361551Z  WARN herdr::detect::manifest_update: skipping unknown remote manifest agent agent="letta"
2026-09-20T04:29:43.362103Z  WARN herdr::detect::manifest_update: skipping unknown remote manifest agent agent="muse"
2026-09-20T04:29:43.362137Z  WARN herdr::detect::manifest_update: skipping unknown remote manifest agent agent="qwen"
2026-09-20T04:59:43.400229Z  WARN herdr::detect::manifest_update: skipping unknown remote manifest agent agent="letta"
2026-09-20T04:59:43.400829Z  WARN herdr::detect::manifest_update: skipping unknown remote manifest agent agent="muse"
2026-09-20T04:59:43.400863Z  WARN herdr::detect::manifest_update: skipping unknown remote manifest agent agent="qwen"
2026-09-20T05:29:43.324121Z  WARN herdr::detect::manifest_update: skipping unknown remote manifest agent agent="letta"
2026-09-20T05:29:43.327311Z  WARN herdr::detect::manifest_update: skipping unknown remote manifest agent agent="muse"
2026-09-20T05:29:43.327337Z  WARN herdr::detect::manifest_update: skipping unknown remote manifest agent agent="qwen"
2026-09-20T05:59:43.299710Z  WARN herdr::detect::manifest_update: skipping unknown remote manifest agent agent="letta"
2026-09-20T05:59:43.302503Z  WARN herdr::detect::manifest_update: skipping unknown remote manifest agent agent="muse"
2026-09-20T05:59:43.302543Z  WARN herdr::detect::manifest_update: skipping unknown remote manifest agent agent="qwen"
2026-09-20T06:29:42.700796Z  WARN herdr::detect::manifest_update: skipping unknown remote manifest agent agent="letta"
2026-09-20T06:29:42.701704Z  WARN herdr::detect::manifest_update: skipping unknown remote manifest agent agent="muse"
2026-09-20T06:29:42.701751Z  WARN herdr::detect::manifest_update: skipping unknown remote manifest agent agent="qwen"
2026-09-20T06:59:43.284516Z  WARN herdr::detect::manifest_update: skipping unknown remote manifest agent agent="letta"
2026-09-20T06:59:43.285832Z  WARN herdr::detect::manifest_update: skipping unknown remote manifest agent agent="muse"
2026-09-20T06:59:43.285880Z  WARN herdr::detect::manifest_update: skipping unknown remote manifest agent agent="qwen"
2026-09-20T07:29:43.474607Z  WARN herdr::detect::manifest_update: skipping unknown remote manifest agent agent="letta"
2026-09-20T07:29:43.475570Z  WARN herdr::detect::manifest_update: skipping unknown remote manifest agent agent="muse"
2026-09-20T07:29:43.475596Z  WARN herdr::detect::manifest_update: skipping unknown remote manifest agent agent="qwen"
2026-09-20T13:48:36.290409Z  WARN herdr::detect::manifest_update: skipping unknown remote manifest agent agent="letta"
2026-09-20T13:48:36.290529Z  WARN herdr::detect::manifest_update: skipping unknown remote manifest agent agent="muse"
2026-09-20T13:48:36.290557Z  WARN herdr::detect::manifest_update: skipping unknown remote manifest agent agent="qwen"
2026-09-20T13:50:47.791129Z  WARN herdr::detect::manifest_update: agent detection manifest update failed for agent agent="copilot" error=fetch failed: failed to fetch https://herdr.dev/agent-detection/github-copilot.toml
2026-09-20T14:35:18.121344Z  WARN herdr::detect::manifest_update: skipping unknown remote manifest agent agent="letta"
2026-09-20T14:35:18.123046Z  WARN herdr::detect::manifest_update: skipping unknown remote manifest agent agent="muse"
2026-09-20T14:35:18.123080Z  WARN herdr::detect::manifest_update: skipping unknown remote manifest agent agent="qwen"
2026-09-20T15:05:19.070106Z  WARN herdr::detect::manifest_update: skipping unknown remote manifest agent agent="letta"
2026-09-20T15:05:19.071021Z  WARN herdr::detect::manifest_update: skipping unknown remote manifest agent agent="muse"
2026-09-20T15:05:19.071060Z  WARN herdr::detect::manifest_update: skipping unknown remote manifest agent agent="qwen"
2026-09-20T15:35:18.171962Z  WARN herdr::detect::manifest_update: skipping unknown remote manifest agent agent="letta"
2026-09-20T15:35:18.172941Z  WARN herdr::detect::manifest_update: skipping unknown remote manifest agent agent="muse"
2026-09-20T15:35:18.172988Z  WARN herdr::detect::manifest_update: skipping unknown remote manifest agent agent="qwen"
2026-09-20T16:05:19.234140Z  WARN herdr::detect::manifest_update: skipping unknown remote manifest agent agent="letta"
2026-09-20T16:05:19.235187Z  WARN herdr::detect::manifest_update: skipping unknown remote manifest agent agent="muse"
2026-09-20T16:05:19.235208Z  WARN herdr::detect::manifest_update: skipping unknown remote manifest agent agent="qwen"
2026-09-20T16:35:19.174286Z  WARN herdr::detect::manifest_update: skipping unknown remote manifest agent agent="letta"
2026-09-20T16:35:19.175214Z  WARN herdr::detect::manifest_update: skipping unknown remote manifest agent agent="muse"
2026-09-20T16:35:19.175251Z  WARN herdr::detect::manifest_update: skipping unknown remote manifest agent agent="qwen"
2026-09-20T17:05:18.364048Z  WARN herdr::detect::manifest_update: skipping unknown remote manifest agent agent="letta"
2026-09-20T17:05:18.366201Z  WARN herdr::detect::manifest_update: skipping unknown remote manifest agent agent="muse"
2026-09-20T17:05:18.366255Z  WARN herdr::detect::manifest_update: skipping unknown remote manifest agent agent="qwen"
2026-09-20T17:35:18.291282Z  WARN herdr::detect::manifest_update: skipping unknown remote manifest agent agent="letta"
2026-09-20T17:35:18.293085Z  WARN herdr::detect::manifest_update: skipping unknown remote manifest agent agent="muse"
2026-09-20T17:35:18.293111Z  WARN herdr::detect::manifest_update: skipping unknown remote manifest agent agent="qwen"
2026-09-20T19:24:11.668696Z  WARN herdr::detect::manifest_update: skipping unknown remote manifest agent agent="letta"
2026-09-20T19:24:11.669601Z  WARN herdr::detect::manifest_update: skipping unknown remote manifest agent agent="muse"
2026-09-20T19:24:11.669628Z  WARN herdr::detect::manifest_update: skipping unknown remote manifest agent agent="qwen"
2026-09-20T19:54:11.000875Z  WARN herdr::detect::manifest_update: skipping unknown remote manifest agent agent="letta"
2026-09-20T19:54:11.003085Z  WARN herdr::detect::manifest_update: skipping unknown remote manifest agent agent="muse"
2026-09-20T19:54:11.003123Z  WARN herdr::detect::manifest_update: skipping unknown remote manifest agent agent="qwen"
2026-09-20T20:24:11.622721Z  WARN herdr::detect::manifest_update: skipping unknown remote manifest agent agent="letta"
2026-09-20T20:24:11.624182Z  WARN herdr::detect::manifest_update: skipping unknown remote manifest agent agent="muse"
2026-09-20T20:24:11.624222Z  WARN herdr::detect::manifest_update: skipping unknown remote manifest agent agent="qwen"
2026-09-20T20:54:11.739798Z  WARN herdr::detect::manifest_update: skipping unknown remote manifest agent agent="letta"
2026-09-20T20:54:11.740232Z  WARN herdr::detect::manifest_update: skipping unknown remote manifest agent agent="muse"
2026-09-20T20:54:11.740281Z  WARN herdr::detect::manifest_update: skipping unknown remote manifest agent agent="qwen"
2026-09-20T21:24:11.913013Z  WARN herdr::detect::manifest_update: skipping unknown remote manifest agent agent="letta"
2026-09-20T21:24:11.914240Z  WARN herdr::detect::manifest_update: skipping unknown remote manifest agent agent="muse"
2026-09-20T21:24:11.914268Z  WARN herdr::detect::manifest_update: skipping unknown remote manifest agent agent="qwen"
2026-09-20T21:54:11.694446Z  WARN herdr::detect::manifest_update: skipping unknown remote manifest agent agent="letta"
2026-09-20T21:54:11.694953Z  WARN herdr::detect::manifest_update: skipping unknown remote manifest agent agent="muse"
2026-09-20T21:54:11.695019Z  WARN herdr::detect::manifest_update: skipping unknown remote manifest agent agent="qwen"
2026-09-20T22:24:11.192410Z  WARN herdr::detect::manifest_update: skipping unknown remote manifest agent agent="letta"
2026-09-20T22:24:11.194648Z  WARN herdr::detect::manifest_update: skipping unknown remote manifest agent agent="muse"
2026-09-20T22:24:11.194696Z  WARN herdr::detect::manifest_update: skipping unknown remote manifest agent agent="qwen"
2026-09-20T22:54:11.731868Z  WARN herdr::detect::manifest_update: skipping unknown remote manifest agent agent="letta"
2026-09-20T22:54:11.732292Z  WARN herdr::detect::manifest_update: skipping unknown remote manifest agent agent="muse"
2026-09-20T22:54:11.732340Z  WARN herdr::detect::manifest_update: skipping unknown remote manifest agent agent="qwen"
2026-09-20T23:24:11.733683Z  WARN herdr::detect::manifest_update: skipping unknown remote manifest agent agent="letta"
2026-09-20T23:24:11.735752Z  WARN herdr::detect::manifest_update: skipping unknown remote manifest agent agent="muse"
2026-09-20T23:24:11.735820Z  WARN herdr::detect::manifest_update: skipping unknown remote manifest agent agent="qwen"
2026-09-20T23:54:11.752911Z  WARN herdr::detect::manifest_update: skipping unknown remote manifest agent agent="letta"
2026-09-20T23:54:11.754212Z  WARN herdr::detect::manifest_update: skipping unknown remote manifest agent agent="muse"
2026-09-20T23:54:11.754261Z  WARN herdr::detect::manifest_update: skipping unknown remote manifest agent agent="qwen"
2026-09-21T00:24:11.772542Z  WARN herdr::detect::manifest_update: skipping unknown remote manifest agent agent="letta"
2026-09-21T00:24:11.773834Z  WARN herdr::detect::manifest_update: skipping unknown remote manifest agent agent="muse"
2026-09-21T00:24:11.773861Z  WARN herdr::detect::manifest_update: skipping unknown remote manifest agent agent="qwen"
2026-09-21T00:54:11.132336Z  WARN herdr::detect::manifest_update: skipping unknown remote manifest agent agent="letta"
2026-09-21T00:54:11.133432Z  WARN herdr::detect::manifest_update: skipping unknown remote manifest agent agent="muse"
2026-09-21T00:54:11.133508Z  WARN herdr::detect::manifest_update: skipping unknown remote manifest agent agent="qwen"
2026-09-21T01:24:11.167470Z  WARN herdr::detect::manifest_update: skipping unknown remote manifest agent agent="letta"
2026-09-21T01:24:11.169586Z  WARN herdr::detect::manifest_update: skipping unknown remote manifest agent agent="muse"
2026-09-21T01:24:11.169638Z  WARN herdr::detect::manifest_update: skipping unknown remote manifest agent agent="qwen"
2026-09-21T04:59:08.142655Z  WARN herdr::detect::manifest_update: skipping unknown remote manifest agent agent="letta"
2026-09-21T04:59:08.144084Z  WARN herdr::detect::manifest_update: skipping unknown remote manifest agent agent="muse"
2026-09-21T04:59:08.144130Z  WARN herdr::detect::manifest_update: skipping unknown remote manifest agent agent="qwen"
2026-09-21T05:43:51.707295Z  WARN herdr::detect::manifest_update: skipping unknown remote manifest agent agent="letta"
2026-09-21T05:43:51.707996Z  WARN herdr::detect::manifest_update: skipping unknown remote manifest agent agent="muse"
2026-09-21T05:43:51.708019Z  WARN herdr::detect::manifest_update: skipping unknown remote manifest agent agent="qwen"
2026-09-21T06:13:51.384763Z  WARN herdr::detect::manifest_update: skipping unknown remote manifest agent agent="letta"
2026-09-21T06:13:51.385258Z  WARN herdr::detect::manifest_update: skipping unknown remote manifest agent agent="muse"
2026-09-21T06:13:51.385288Z  WARN herdr::detect::manifest_update: skipping unknown remote manifest agent agent="qwen"
2026-09-21T06:43:51.230122Z  WARN herdr::detect::manifest_update: skipping unknown remote manifest agent agent="letta"
2026-09-21T06:43:51.231798Z  WARN herdr::detect::manifest_update: skipping unknown remote manifest agent agent="muse"
2026-09-21T06:43:51.231837Z  WARN herdr::detect::manifest_update: skipping unknown remote manifest agent agent="qwen"
2026-09-21T07:13:51.536883Z  WARN herdr::detect::manifest_update: skipping unknown remote manifest agent agent="letta"
2026-09-21T07:13:51.537864Z  WARN herdr::detect::manifest_update: skipping unknown remote manifest agent agent="muse"
2026-09-21T07:13:51.537886Z  WARN herdr::detect::manifest_update: skipping unknown remote manifest agent agent="qwen"
2026-09-21T07:43:51.339421Z  WARN herdr::detect::manifest_update: skipping unknown remote manifest agent agent="letta"
2026-09-21T07:43:51.341189Z  WARN herdr::detect::manifest_update: skipping unknown remote manifest agent agent="muse"
2026-09-21T07:43:51.341208Z  WARN herdr::detect::manifest_update: skipping unknown remote manifest agent agent="qwen"
2026-09-21T08:13:51.243184Z  WARN herdr::detect::manifest_update: skipping unknown remote manifest agent agent="letta"
2026-09-21T08:13:51.244650Z  WARN herdr::detect::manifest_update: skipping unknown remote manifest agent agent="muse"
2026-09-21T08:13:51.244701Z  WARN herdr::detect::manifest_update: skipping unknown remote manifest agent agent="qwen"
2026-09-21T08:53:44.972539Z  WARN herdr::detect::manifest_update: skipping unknown remote manifest agent agent="letta"
2026-09-21T08:53:44.973684Z  WARN herdr::detect::manifest_update: skipping unknown remote manifest agent agent="muse"
2026-09-21T08:53:44.973719Z  WARN herdr::detect::manifest_update: skipping unknown remote manifest agent agent="qwen"
2026-09-21T09:23:44.810264Z  WARN herdr::detect::manifest_update: skipping unknown remote manifest agent agent="letta"
2026-09-21T09:23:44.811558Z  WARN herdr::detect::manifest_update: skipping unknown remote manifest agent agent="muse"
2026-09-21T09:23:44.811597Z  WARN herdr::detect::manifest_update: skipping unknown remote manifest agent agent="qwen"
2026-09-21T09:53:44.919797Z  WARN herdr::detect::manifest_update: skipping unknown remote manifest agent agent="letta"
2026-09-21T09:53:44.920515Z  WARN herdr::detect::manifest_update: skipping unknown remote manifest agent agent="muse"
2026-09-21T09:53:44.920540Z  WARN herdr::detect::manifest_update: skipping unknown remote manifest agent agent="qwen"
2026-09-21T10:23:45.327838Z  WARN herdr::detect::manifest_update: skipping unknown remote manifest agent agent="letta"
2026-09-21T10:23:45.329235Z  WARN herdr::detect::manifest_update: skipping unknown remote manifest agent agent="muse"
2026-09-21T10:23:45.329279Z  WARN herdr::detect::manifest_update: skipping unknown remote manifest agent agent="qwen"
2026-09-21T10:53:45.352767Z  WARN herdr::detect::manifest_update: skipping unknown remote manifest agent agent="letta"
2026-09-21T10:53:45.354844Z  WARN herdr::detect::manifest_update: skipping unknown remote manifest agent agent="muse"
2026-09-21T10:53:45.354884Z  WARN herdr::detect::manifest_update: skipping unknown remote manifest agent agent="qwen"
2026-09-21T11:23:45.289677Z  WARN herdr::detect::manifest_update: skipping unknown remote manifest agent agent="letta"
2026-09-21T11:23:45.291639Z  WARN herdr::detect::manifest_update: skipping unknown remote manifest agent agent="muse"
2026-09-21T11:23:45.291699Z  WARN herdr::detect::manifest_update: skipping unknown remote manifest agent agent="qwen"
2026-09-21T11:53:45.366586Z  WARN herdr::detect::manifest_update: skipping unknown remote manifest agent agent="letta"
2026-09-21T11:53:45.368067Z  WARN herdr::detect::manifest_update: skipping unknown remote manifest agent agent="muse"
2026-09-21T11:53:45.368097Z  WARN herdr::detect::manifest_update: skipping unknown remote manifest agent agent="qwen"
2026-09-21T12:23:45.358746Z  WARN herdr::detect::manifest_update: skipping unknown remote manifest agent agent="letta"
2026-09-21T12:23:45.359425Z  WARN herdr::detect::manifest_update: skipping unknown remote manifest agent agent="muse"
2026-09-21T12:23:45.359447Z  WARN herdr::detect::manifest_update: skipping unknown remote manifest agent agent="qwen"
2026-09-21T18:12:12.946275Z  WARN herdr::detect::manifest_update: skipping unknown remote manifest agent agent="letta"
2026-09-21T18:12:12.948417Z  WARN herdr::detect::manifest_update: skipping unknown remote manifest agent agent="muse"
2026-09-21T18:12:12.948444Z  WARN herdr::detect::manifest_update: skipping unknown remote manifest agent agent="qwen"
2026-09-21T18:42:12.497786Z  WARN herdr::detect::manifest_update: skipping unknown remote manifest agent agent="letta"
2026-09-21T18:42:12.499507Z  WARN herdr::detect::manifest_update: skipping unknown remote manifest agent agent="muse"
2026-09-21T18:42:12.499581Z  WARN herdr::detect::manifest_update: skipping unknown remote manifest agent agent="qwen"
2026-09-21T19:12:11.896114Z  WARN herdr::detect::manifest_update: skipping unknown remote manifest agent agent="letta"
2026-09-21T19:12:11.897669Z  WARN herdr::detect::manifest_update: skipping unknown remote manifest agent agent="muse"
2026-09-21T19:12:11.897715Z  WARN herdr::detect::manifest_update: skipping unknown remote manifest agent agent="qwen"
2026-09-21T19:42:11.892240Z  WARN herdr::detect::manifest_update: skipping unknown remote manifest agent agent="letta"
2026-09-21T19:42:11.893438Z  WARN herdr::detect::manifest_update: skipping unknown remote manifest agent agent="muse"
2026-09-21T19:42:11.893479Z  WARN herdr::detect::manifest_update: skipping unknown remote manifest agent agent="qwen"
2026-09-21T20:12:13.506216Z  WARN herdr::detect::manifest_update: skipping unknown remote manifest agent agent="letta"
2026-09-21T20:12:13.506876Z  WARN herdr::detect::manifest_update: skipping unknown remote manifest agent agent="muse"
2026-09-21T20:12:13.506927Z  WARN herdr::detect::manifest_update: skipping unknown remote manifest agent agent="qwen"
2026-09-21T20:42:11.786652Z  WARN herdr::detect::manifest_update: skipping unknown remote manifest agent agent="letta"
2026-09-21T20:42:11.788740Z  WARN herdr::detect::manifest_update: skipping unknown remote manifest agent agent="muse"
2026-09-21T20:42:11.788798Z  WARN herdr::detect::manifest_update: skipping unknown remote manifest agent agent="qwen"
2026-09-21T21:12:11.895546Z  WARN herdr::detect::manifest_update: skipping unknown remote manifest agent agent="letta"
2026-09-21T21:12:11.897639Z  WARN herdr::detect::manifest_update: skipping unknown remote manifest agent agent="muse"
2026-09-21T21:12:11.897673Z  WARN herdr::detect::manifest_update: skipping unknown remote manifest agent agent="qwen"
2026-09-21T21:42:12.798057Z  WARN herdr::detect::manifest_update: skipping unknown remote manifest agent agent="letta"
2026-09-21T21:42:12.799923Z  WARN herdr::detect::manifest_update: skipping unknown remote manifest agent agent="muse"
2026-09-21T21:42:12.799962Z  WARN herdr::detect::manifest_update: skipping unknown remote manifest agent agent="qwen"
2026-09-21T22:12:12.806133Z  WARN herdr::detect::manifest_update: skipping unknown remote manifest agent agent="letta"
2026-09-21T22:12:12.807416Z  WARN herdr::detect::manifest_update: skipping unknown remote manifest agent agent="muse"
2026-09-21T22:12:12.807453Z  WARN herdr::detect::manifest_update: skipping unknown remote manifest agent agent="qwen"
2026-09-21T22:42:11.884246Z  WARN herdr::detect::manifest_update: skipping unknown remote manifest agent agent="letta"
2026-09-21T22:42:11.886047Z  WARN herdr::detect::manifest_update: skipping unknown remote manifest agent agent="muse"
2026-09-21T22:42:11.886090Z  WARN herdr::detect::manifest_update: skipping unknown remote manifest agent agent="qwen"
2026-09-21T23:12:12.793109Z  WARN herdr::detect::manifest_update: skipping unknown remote manifest agent agent="letta"
2026-09-21T23:12:12.794292Z  WARN herdr::detect::manifest_update: skipping unknown remote manifest agent agent="muse"
2026-09-21T23:12:12.794349Z  WARN herdr::detect::manifest_update: skipping unknown remote manifest agent agent="qwen"
2026-09-21T23:42:12.063297Z  WARN herdr::detect::manifest_update: skipping unknown remote manifest agent agent="letta"
2026-09-21T23:42:12.064955Z  WARN herdr::detect::manifest_update: skipping unknown remote manifest agent agent="muse"
2026-09-21T23:42:12.064984Z  WARN herdr::detect::manifest_update: skipping unknown remote manifest agent agent="qwen"
2026-09-22T00:12:12.051631Z  WARN herdr::detect::manifest_update: skipping unknown remote manifest agent agent="letta"
2026-09-22T00:12:12.053457Z  WARN herdr::detect::manifest_update: skipping unknown remote manifest agent agent="muse"
2026-09-22T00:12:12.053498Z  WARN herdr::detect::manifest_update: skipping unknown remote manifest agent agent="qwen"
2026-09-22T00:42:14.587513Z  WARN herdr::detect::manifest_update: skipping unknown remote manifest agent agent="letta"
2026-09-22T00:42:14.589342Z  WARN herdr::detect::manifest_update: skipping unknown remote manifest agent agent="muse"
2026-09-22T00:42:14.589383Z  WARN herdr::detect::manifest_update: skipping unknown remote manifest agent agent="qwen"
2026-09-22T01:12:12.860070Z  WARN herdr::detect::manifest_update: skipping unknown remote manifest agent agent="letta"
2026-09-22T01:12:12.862008Z  WARN herdr::detect::manifest_update: skipping unknown remote manifest agent agent="muse"
2026-09-22T01:12:12.862042Z  WARN herdr::detect::manifest_update: skipping unknown remote manifest agent agent="qwen"
2026-09-22T01:42:12.928305Z  WARN herdr::detect::manifest_update: skipping unknown remote manifest agent agent="letta"
2026-09-22T01:42:12.929080Z  WARN herdr::detect::manifest_update: skipping unknown remote manifest agent agent="muse"
2026-09-22T01:42:12.929096Z  WARN herdr::detect::manifest_update: skipping unknown remote manifest agent agent="qwen"
2026-09-22T03:44:04.764535Z  WARN herdr::detect::manifest_update: skipping unknown remote manifest agent agent="letta"
2026-09-22T03:44:04.766231Z  WARN herdr::detect::manifest_update: skipping unknown remote manifest agent agent="muse"
2026-09-22T03:44:04.766322Z  WARN herdr::detect::manifest_update: skipping unknown remote manifest agent agent="qwen"
2026-09-22T04:14:04.345465Z  WARN herdr::detect::manifest_update: skipping unknown remote manifest agent agent="letta"
2026-09-22T04:14:04.346646Z  WARN herdr::detect::manifest_update: skipping unknown remote manifest agent agent="muse"
2026-09-22T04:14:04.346683Z  WARN herdr::detect::manifest_update: skipping unknown remote manifest agent agent="qwen"
2026-09-22T04:44:04.379216Z  WARN herdr::detect::manifest_update: skipping unknown remote manifest agent agent="letta"
2026-09-22T04:44:04.380071Z  WARN herdr::detect::manifest_update: skipping unknown remote manifest agent agent="muse"
2026-09-22T04:44:04.380119Z  WARN herdr::detect::manifest_update: skipping unknown remote manifest agent agent="qwen"
2026-09-22T05:14:04.186581Z  WARN herdr::detect::manifest_update: skipping unknown remote manifest agent agent="letta"
2026-09-22T05:14:04.187732Z  WARN herdr::detect::manifest_update: skipping unknown remote manifest agent agent="muse"
2026-09-22T05:14:04.187803Z  WARN herdr::detect::manifest_update: skipping unknown remote manifest agent agent="qwen"
2026-09-22T05:44:04.134904Z  WARN herdr::detect::manifest_update: skipping unknown remote manifest agent agent="letta"
2026-09-22T05:44:04.136261Z  WARN herdr::detect::manifest_update: skipping unknown remote manifest agent agent="muse"
2026-09-22T05:44:04.136315Z  WARN herdr::detect::manifest_update: skipping unknown remote manifest agent agent="qwen"
2026-09-22T06:16:01.162720Z  WARN herdr::detect::manifest_update: skipping unknown remote manifest agent agent="letta"
2026-09-22T06:16:01.164257Z  WARN herdr::detect::manifest_update: skipping unknown remote manifest agent agent="muse"
2026-09-22T06:16:01.164283Z  WARN herdr::detect::manifest_update: skipping unknown remote manifest agent agent="qwen"
2026-09-22T06:46:01.930004Z  WARN herdr::detect::manifest_update: skipping unknown remote manifest agent agent="letta"
2026-09-22T06:46:01.931995Z  WARN herdr::detect::manifest_update: skipping unknown remote manifest agent agent="muse"
2026-09-22T06:46:01.932039Z  WARN herdr::detect::manifest_update: skipping unknown remote manifest agent agent="qwen"
2026-09-22T07:16:01.410279Z  WARN herdr::detect::manifest_update: skipping unknown remote manifest agent agent="letta"
2026-09-22T07:16:01.410982Z  WARN herdr::detect::manifest_update: skipping unknown remote manifest agent agent="muse"
2026-09-22T07:16:01.411008Z  WARN herdr::detect::manifest_update: skipping unknown remote manifest agent agent="qwen"
2026-09-22T07:46:01.995206Z  WARN herdr::detect::manifest_update: skipping unknown remote manifest agent agent="letta"
2026-09-22T07:46:01.996279Z  WARN herdr::detect::manifest_update: skipping unknown remote manifest agent agent="muse"
2026-09-22T07:46:01.996321Z  WARN herdr::detect::manifest_update: skipping unknown remote manifest agent agent="qwen"
2026-09-22T08:17:02.801074Z  WARN herdr::detect::manifest_update: skipping unknown remote manifest agent agent="letta"
2026-09-22T08:17:02.802195Z  WARN herdr::detect::manifest_update: skipping unknown remote manifest agent agent="muse"
2026-09-22T08:17:02.802226Z  WARN herdr::detect::manifest_update: skipping unknown remote manifest agent agent="qwen"
2026-09-22T08:47:03.512079Z  WARN herdr::detect::manifest_update: skipping unknown remote manifest agent agent="letta"
2026-09-22T08:47:03.513522Z  WARN herdr::detect::manifest_update: skipping unknown remote manifest agent agent="muse"
2026-09-22T08:47:03.513575Z  WARN herdr::detect::manifest_update: skipping unknown remote manifest agent agent="qwen"
2026-09-22T09:17:03.443511Z  WARN herdr::detect::manifest_update: skipping unknown remote manifest agent agent="letta"
2026-09-22T09:17:03.445812Z  WARN herdr::detect::manifest_update: skipping unknown remote manifest agent agent="muse"
2026-09-22T09:17:03.445852Z  WARN herdr::detect::manifest_update: skipping unknown remote manifest agent agent="qwen"
2026-09-22T09:49:15.033867Z  WARN herdr::detect::manifest_update: skipping unknown remote manifest agent agent="letta"
2026-09-22T09:49:15.034372Z  WARN herdr::detect::manifest_update: skipping unknown remote manifest agent agent="muse"
2026-09-22T09:49:15.034402Z  WARN herdr::detect::manifest_update: skipping unknown remote manifest agent agent="qwen"
2026-09-22T09:49:46.829308Z  WARN herdr::detect::manifest_update: agent detection manifest update failed for agent agent="agy" error=fetch failed: failed to fetch https://herdr.dev/agent-detection/antigravity.toml
2026-09-22T09:50:20.379455Z  WARN herdr::detect::manifest_update: agent detection manifest update failed for agent agent="claude" error=fetch failed: failed to fetch https://herdr.dev/agent-detection/claude.toml
2026-09-22T09:50:23.424471Z  WARN herdr::detect::manifest_update: agent detection manifest update failed for agent agent="cline" error=fetch failed: failed to fetch https://herdr.dev/agent-detection/cline.toml
2026-09-22T09:50:26.476514Z  WARN herdr::detect::manifest_update: agent detection manifest update failed for agent agent="codex" error=fetch failed: failed to fetch https://herdr.dev/agent-detection/codex.toml
2026-09-22T09:50:29.530438Z  WARN herdr::detect::manifest_update: agent detection manifest update failed for agent agent="cursor" error=fetch failed: failed to fetch https://herdr.dev/agent-detection/cursor.toml
2026-09-22T10:23:35.469125Z  WARN herdr::detect::manifest_update: skipping unknown remote manifest agent agent="letta"
2026-09-22T10:23:35.470610Z  WARN herdr::detect::manifest_update: skipping unknown remote manifest agent agent="muse"
2026-09-22T10:23:35.470651Z  WARN herdr::detect::manifest_update: skipping unknown remote manifest agent agent="qwen"
2026-09-22T10:53:36.222515Z  WARN herdr::detect::manifest_update: skipping unknown remote manifest agent agent="letta"
2026-09-22T10:53:36.224376Z  WARN herdr::detect::manifest_update: skipping unknown remote manifest agent agent="muse"
2026-09-22T10:53:36.224416Z  WARN herdr::detect::manifest_update: skipping unknown remote manifest agent agent="qwen"
2026-09-22T11:23:35.528787Z  WARN herdr::detect::manifest_update: skipping unknown remote manifest agent agent="letta"
2026-09-22T11:23:35.530744Z  WARN herdr::detect::manifest_update: skipping unknown remote manifest agent agent="muse"
2026-09-22T11:23:35.530775Z  WARN herdr::detect::manifest_update: skipping unknown remote manifest agent agent="qwen"
2026-09-22T11:53:36.068133Z  WARN herdr::detect::manifest_update: skipping unknown remote manifest agent agent="letta"
2026-09-22T11:53:36.070118Z  WARN herdr::detect::manifest_update: skipping unknown remote manifest agent agent="muse"
2026-09-22T11:53:36.070168Z  WARN herdr::detect::manifest_update: skipping unknown remote manifest agent agent="qwen"
2026-09-22T12:23:36.031532Z  WARN herdr::detect::manifest_update: skipping unknown remote manifest agent agent="letta"
2026-09-22T12:23:36.032373Z  WARN herdr::detect::manifest_update: skipping unknown remote manifest agent agent="muse"
2026-09-22T12:23:36.032411Z  WARN herdr::detect::manifest_update: skipping unknown remote manifest agent agent="qwen"
